<xilinx:hls_fe_msgs>
    <msg msg_groups="PRAGMA_VERBOSE_DUMP" msg_id="207-5471" msg_severity="WARNING" msg_loc="directive:1:9" msg_body="HLS pragma dump">
        <args ARG_PragmaContext="directive" ARG_PragmaFunction="axil_macc" ARG_PragmaIsValid="1" ARG_PragmaOptions="name=axil_macc" ARG_PragmaType="top" ClangWarningOption="dump-hls-pragmas"/>
    </msg>
    <msg msg_groups="PRAGMA_VERBOSE_DUMP" msg_id="207-5471" msg_severity="WARNING" msg_loc="../../axilite_macc_files/HLS/axil_macc.cpp:3:9" msg_body="HLS pragma dump">
        <args ARG_PragmaFunction="axil_macc" ARG_PragmaIsValid="1" ARG_PragmaOptions="s_axilite port=return bundle=BUS1" ARG_PragmaType="interface" ClangWarningOption="dump-hls-pragmas"/>
    </msg>
    <msg msg_groups="PRAGMA_VERBOSE_DUMP" msg_id="207-5471" msg_severity="WARNING" msg_loc="../../axilite_macc_files/HLS/axil_macc.cpp:4:9" msg_body="HLS pragma dump">
        <args ARG_PragmaFunction="axil_macc" ARG_PragmaIsValid="1" ARG_PragmaOptions="s_axilite port=a bundle=BUS1" ARG_PragmaType="interface" ClangWarningOption="dump-hls-pragmas"/>
    </msg>
    <msg msg_groups="PRAGMA_VERBOSE_DUMP" msg_id="207-5471" msg_severity="WARNING" msg_loc="../../axilite_macc_files/HLS/axil_macc.cpp:5:9" msg_body="HLS pragma dump">
        <args ARG_PragmaFunction="axil_macc" ARG_PragmaIsValid="1" ARG_PragmaOptions="s_axilite port=b bundle=BUS1" ARG_PragmaType="interface" ClangWarningOption="dump-hls-pragmas"/>
    </msg>
    <msg msg_groups="PRAGMA_VERBOSE_DUMP" msg_id="207-5471" msg_severity="WARNING" msg_loc="../../axilite_macc_files/HLS/axil_macc.cpp:6:9" msg_body="HLS pragma dump">
        <args ARG_PragmaFunction="axil_macc" ARG_PragmaIsValid="1" ARG_PragmaOptions="s_axilite port=c bundle=BUS1" ARG_PragmaType="interface" ClangWarningOption="dump-hls-pragmas"/>
    </msg>
    <msg msg_groups="PRAGMA_VERBOSE_DUMP" msg_id="207-5471" msg_severity="WARNING" msg_loc="../../axilite_macc_files/HLS/axil_macc.cpp:7:9" msg_body="HLS pragma dump">
        <args ARG_PragmaFunction="axil_macc" ARG_PragmaIsValid="1" ARG_PragmaOptions="s_axilite port=instr bundle=BUS1" ARG_PragmaType="interface" ClangWarningOption="dump-hls-pragmas"/>
    </msg>
</xilinx:hls_fe_msgs>

