[
{
  "headers": [
    "C:/Users/joaoc/Documents/GitHub/CoP-HW-SW_2024-2025/Lab0/axilite_macc_files/HLS/axil_macc.cpp"
  ],
  "source": "C:/Users/joaoc/Documents/GitHub/CoP-HW-SW_2024-2025/Lab0/Vitis/hls_component/../../axilite_macc_files/HLS/axil_macc.cpp"
},
{
  "headers": [
    "C:/Users/joaoc/Documents/GitHub/CoP-HW-SW_2024-2025/Lab0/axilite_macc_files/HLS/axil_macc.cpp",
    "c:\\xilinx/vitis_hls/2024.1/vcxx/data/autopilot/etc/autopilot_ssdm_op.h"
  ],
  "source": "C:/Users/joaoc/Documents/GitHub/CoP-HW-SW_2024-2025/Lab0/Vitis/hls_component/../../axilite_macc_files/HLS/axil_macc.cpp"
},
{
  "headers": [
    "C:/Users/joaoc/Documents/GitHub/CoP-HW-SW_2024-2025/Lab0/axilite_macc_files/HLS/tb_axil_macc.cpp",
    "C:\\Xilinx/Vitis_HLS/2024.1/tps/mingw/10.0.0/win64.o/nt/x86_64-w64-mingw32/include/stdio.h",
    "C:\\Xilinx/Vitis_HLS/2024.1/tps/mingw/10.0.0/win64.o/nt/x86_64-w64-mingw32/include/corecrt_stdio_config.h",
    "C:\\Xilinx/Vitis_HLS/2024.1/tps/mingw/10.0.0/win64.o/nt/x86_64-w64-mingw32/include/corecrt.h",
    "C:\\Xilinx/Vitis_HLS/2024.1/tps/mingw/10.0.0/win64.o/nt/x86_64-w64-mingw32/include/_mingw.h",
    "C:\\Xilinx/Vitis_HLS/2024.1/tps/mingw/10.0.0/win64.o/nt/x86_64-w64-mingw32/include/_mingw_mac.h",
    "C:\\Xilinx/Vitis_HLS/2024.1/tps/mingw/10.0.0/win64.o/nt/x86_64-w64-mingw32/include/_mingw_secapi.h",
    "c:/xilinx/vitis_hls/2024.1/vcxx/lib/clang/14.0.6/include/vadefs.h",
    "C:\\Xilinx/Vitis_HLS/2024.1/tps/mingw/10.0.0/win64.o/nt/x86_64-w64-mingw32/include/vadefs.h",
    "C:\\Xilinx/Vitis_HLS/2024.1/tps/mingw/10.0.0/win64.o/nt/x86_64-w64-mingw32/include/sdks/_mingw_ddk.h",
    "C:\\Xilinx/Vitis_HLS/2024.1/tps/mingw/10.0.0/win64.o/nt/x86_64-w64-mingw32/include/_mingw_off_t.h",
    "C:\\Xilinx/Vitis_HLS/2024.1/tps/mingw/10.0.0/win64.o/nt/x86_64-w64-mingw32/include/swprintf.inl",
    "C:\\Xilinx/Vitis_HLS/2024.1/tps/mingw/10.0.0/win64.o/nt/x86_64-w64-mingw32/include/sec_api/stdio_s.h",
    "C:\\Xilinx/Vitis_HLS/2024.1/tps/mingw/10.0.0/win64.o/nt/include/c++/9.5.0/stdlib.h",
    "C:\\Xilinx/Vitis_HLS/2024.1/tps/mingw/10.0.0/win64.o/nt/include/c++/9.5.0/cstdlib",
    "C:\\Xilinx/Vitis_HLS/2024.1/tps/mingw/10.0.0/win64.o/nt/include/c++/9.5.0/x86_64-w64-mingw32/bits/c++config.h",
    "C:\\Xilinx/Vitis_HLS/2024.1/tps/mingw/10.0.0/win64.o/nt/include/c++/9.5.0/x86_64-w64-mingw32/bits/os_defines.h",
    "C:\\Xilinx/Vitis_HLS/2024.1/tps/mingw/10.0.0/win64.o/nt/include/c++/9.5.0/x86_64-w64-mingw32/bits/cpu_defines.h",
    "C:\\Xilinx/Vitis_HLS/2024.1/tps/mingw/10.0.0/win64.o/nt/x86_64-w64-mingw32/include/stdlib.h",
    "C:\\Xilinx/Vitis_HLS/2024.1/tps/mingw/10.0.0/win64.o/nt/x86_64-w64-mingw32/include/corecrt_wstdlib.h",
    "c:/xilinx/vitis_hls/2024.1/vcxx/lib/clang/14.0.6/include/limits.h",
    "C:\\Xilinx/Vitis_HLS/2024.1/tps/mingw/10.0.0/win64.o/nt/x86_64-w64-mingw32/include/limits.h",
    "C:\\Xilinx/Vitis_HLS/2024.1/tps/mingw/10.0.0/win64.o/nt/x86_64-w64-mingw32/include/crtdefs.h",
    "C:\\Xilinx/Vitis_HLS/2024.1/tps/mingw/10.0.0/win64.o/nt/x86_64-w64-mingw32/include/sec_api/stdlib_s.h",
    "C:\\Xilinx/Vitis_HLS/2024.1/tps/mingw/10.0.0/win64.o/nt/x86_64-w64-mingw32/include/malloc.h",
    "c:/xilinx/vitis_hls/2024.1/vcxx/lib/clang/14.0.6/include/mm_malloc.h",
    "C:\\Xilinx/Vitis_HLS/2024.1/tps/mingw/10.0.0/win64.o/nt/include/c++/9.5.0/bits/std_abs.h"
  ],
  "source": "C:/Users/joaoc/Documents/GitHub/CoP-HW-SW_2024-2025/Lab0/Vitis/hls_component/../../axilite_macc_files/HLS/tb_axil_macc.cpp"
}
]