<dict>
  <key>main-file</key>
  <string>C:/GitHub/CoP-HW-SW_2024-2025/Lab0/Vitis/hls_component/axil_macc/hls/.autopilot/db/axil_macc.pp.0.cpp</string>
  <key>diagnostics</key>
  <array>
    <dict>
      <key>level</key>
      <string>warning</string>
      <key>filename</key>
      <string>directive</string>
      <key>line</key>
      <integer>1</integer>
      <key>column</key>
      <integer>9</integer>
      <key>message</key>
      <string>HLS pragma dump _XLX_SEP_ PragmaIsValid=1_XLX_SEP_ PragmaType=top_XLX_SEP_ PragmaContext=directive_XLX_SEP_ PragmaFunction=axil_macc_XLX_SEP_ PragmaOptions=name=axil_macc_XLX_SEP_</string>
      <key>ID</key>
      <integer>5471</integer>
      <key>WarningOption</key>
      <string>dump-hls-pragmas</string>
    </dict>
    <dict>
      <key>level</key>
      <string>warning</string>
      <key>filename</key>
      <string>../../axilite_macc_files/HLS/axil_macc.cpp</string>
      <key>line</key>
      <integer>3</integer>
      <key>column</key>
      <integer>9</integer>
      <key>message</key>
      <string>HLS pragma dump _XLX_SEP_ PragmaIsValid=1_XLX_SEP_ PragmaType=interface_XLX_SEP_ PragmaContext=_XLX_SEP_ PragmaFunction=axil_macc_XLX_SEP_ PragmaOptions=s_axilite port=return bundle=BUS1_XLX_SEP_</string>
      <key>ID</key>
      <integer>5471</integer>
      <key>WarningOption</key>
      <string>dump-hls-pragmas</string>
    </dict>
    <dict>
      <key>level</key>
      <string>warning</string>
      <key>filename</key>
      <string>../../axilite_macc_files/HLS/axil_macc.cpp</string>
      <key>line</key>
      <integer>4</integer>
      <key>column</key>
      <integer>9</integer>
      <key>message</key>
      <string>HLS pragma dump _XLX_SEP_ PragmaIsValid=1_XLX_SEP_ PragmaType=interface_XLX_SEP_ PragmaContext=_XLX_SEP_ PragmaFunction=axil_macc_XLX_SEP_ PragmaOptions=s_axilite port=a bundle=BUS1_XLX_SEP_</string>
      <key>ID</key>
      <integer>5471</integer>
      <key>WarningOption</key>
      <string>dump-hls-pragmas</string>
    </dict>
    <dict>
      <key>level</key>
      <string>warning</string>
      <key>filename</key>
      <string>../../axilite_macc_files/HLS/axil_macc.cpp</string>
      <key>line</key>
      <integer>5</integer>
      <key>column</key>
      <integer>9</integer>
      <key>message</key>
      <string>HLS pragma dump _XLX_SEP_ PragmaIsValid=1_XLX_SEP_ PragmaType=interface_XLX_SEP_ PragmaContext=_XLX_SEP_ PragmaFunction=axil_macc_XLX_SEP_ PragmaOptions=s_axilite port=b bundle=BUS1_XLX_SEP_</string>
      <key>ID</key>
      <integer>5471</integer>
      <key>WarningOption</key>
      <string>dump-hls-pragmas</string>
    </dict>
    <dict>
      <key>level</key>
      <string>warning</string>
      <key>filename</key>
      <string>../../axilite_macc_files/HLS/axil_macc.cpp</string>
      <key>line</key>
      <integer>6</integer>
      <key>column</key>
      <integer>9</integer>
      <key>message</key>
      <string>HLS pragma dump _XLX_SEP_ PragmaIsValid=1_XLX_SEP_ PragmaType=interface_XLX_SEP_ PragmaContext=_XLX_SEP_ PragmaFunction=axil_macc_XLX_SEP_ PragmaOptions=s_axilite port=c bundle=BUS1_XLX_SEP_</string>
      <key>ID</key>
      <integer>5471</integer>
      <key>WarningOption</key>
      <string>dump-hls-pragmas</string>
    </dict>
    <dict>
      <key>level</key>
      <string>warning</string>
      <key>filename</key>
      <string>../../axilite_macc_files/HLS/axil_macc.cpp</string>
      <key>line</key>
      <integer>7</integer>
      <key>column</key>
      <integer>9</integer>
      <key>message</key>
      <string>HLS pragma dump _XLX_SEP_ PragmaIsValid=1_XLX_SEP_ PragmaType=interface_XLX_SEP_ PragmaContext=_XLX_SEP_ PragmaFunction=axil_macc_XLX_SEP_ PragmaOptions=s_axilite port=instr bundle=BUS1_XLX_SEP_</string>
      <key>ID</key>
      <integer>5471</integer>
      <key>WarningOption</key>
      <string>dump-hls-pragmas</string>
    </dict>
  </array>
</dict>
