{
  "Top": "axil_macc",
  "RtlTop": "axil_macc",
  "RtlPrefix": "",
  "RtlSubPrefix": "axil_macc_",
  "SourceLanguage": "cpp",
  "HostMachineBits": "64",
  "FunctionProtocol": "ap_ctrl_hs",
  "ResetStyle": "control",
  "Target": {
    "Family": "zynq",
    "Device": "xc7z010",
    "Package": "-clg400",
    "Speed": "-1",
    "Triple": "fpga64-xilinx-none"
  },
  "Args": {
    "a": {
      "index": "0",
      "direction": "in",
      "srcType": "int*",
      "srcSize": "32",
      "hwRefs": [{
          "type": "register",
          "interface": "s_axi_BUS1",
          "name": "a",
          "usage": "data",
          "direction": "in"
        }]
    },
    "b": {
      "index": "1",
      "direction": "in",
      "srcType": "int*",
      "srcSize": "32",
      "hwRefs": [{
          "type": "register",
          "interface": "s_axi_BUS1",
          "name": "b",
          "usage": "data",
          "direction": "in"
        }]
    },
    "c": {
      "index": "2",
      "direction": "out",
      "srcType": "int*",
      "srcSize": "32",
      "hwRefs": [
        {
          "type": "register",
          "interface": "s_axi_BUS1",
          "name": "c",
          "usage": "data",
          "direction": "out"
        },
        {
          "type": "register",
          "interface": "s_axi_BUS1",
          "name": "c_ctrl",
          "usage": "control",
          "direction": "out"
        }
      ]
    },
    "instr": {
      "index": "3",
      "direction": "in",
      "srcType": "int*",
      "srcSize": "32",
      "hwRefs": [{
          "type": "register",
          "interface": "s_axi_BUS1",
          "name": "instr",
          "usage": "data",
          "direction": "in"
        }]
    }
  },
  "HlsSolution": {
    "FlowTarget": "vivado",
    "ConfigTcl": [
      "config_cosim -trace_level=all",
      "config_cosim -wave_debug=1",
      "config_csim -code_analyzer=1",
      "config_export -format=ip_catalog",
      "config_export -flow=none"
    ],
    "ProfileOption": "0",
    "ProfileType": "none",
    "KernelName": "axil_macc"
  },
  "ClockInfo": {
    "ClockName": "ap_clk",
    "ClockPeriod": "10",
    "Uncertainty": "2.7",
    "IsCombinational": "0",
    "II": "4",
    "Latency": "3"
  },
  "Xdc": {"OocClocks": ["create_clock -name ap_clk -period 10.000 [get_ports ap_clk]"]},
  "Ipx": {
    "Vendor": "xilinx.com",
    "Library": "hls",
    "Name": "axil_macc",
    "Version": "1.0",
    "DisplayName": "Axil_macc",
    "Revision": "2114070082",
    "Description": "An IP generated by Vitis HLS",
    "Taxonomy": "\/VITIS_HLS_IP",
    "AutoFamilySupport": "",
    "ZipFile": "xilinx_com_hls_axil_macc_1_0.zip"
  },
  "Files": {
    "CSource": [
      "..\/..\/..\/..\/..\/..\/..\/Users\/joaoc\/Documents\/GitHub\/CoP-HW-SW_2024-2025\/Lab0\/axilite_macc_files\/HLS\/axil_macc.cpp",
      "..\/..\/..\/..\/axilite_macc_files\/HLS\/axil_macc.cpp"
    ],
    "TestBench": [
      "..\/..\/..\/..\/..\/..\/..\/Users\/joaoc\/Documents\/GitHub\/CoP-HW-SW_2024-2025\/Lab0\/axilite_macc_files\/HLS\/tb_axil_macc.cpp",
      "..\/..\/..\/..\/axilite_macc_files\/HLS\/tb_axil_macc.cpp"
    ],
    "Vhdl": [
      "impl\/vhdl\/axil_macc_BUS1_s_axi.vhd",
      "impl\/vhdl\/axil_macc_mul_32s_32s_32_2_1.vhd",
      "impl\/vhdl\/axil_macc.vhd"
    ],
    "Verilog": [
      "impl\/verilog\/axil_macc_BUS1_s_axi.v",
      "impl\/verilog\/axil_macc_mul_32s_32s_32_2_1.v",
      "impl\/verilog\/axil_macc.v"
    ],
    "SwDriver": [
      "impl\/misc\/drivers\/axil_macc_v1_0\/data\/axil_macc.mdd",
      "impl\/misc\/drivers\/axil_macc_v1_0\/data\/axil_macc.tcl",
      "impl\/misc\/drivers\/axil_macc_v1_0\/data\/axil_macc.yaml",
      "impl\/misc\/drivers\/axil_macc_v1_0\/src\/CMakeLists.txt",
      "impl\/misc\/drivers\/axil_macc_v1_0\/src\/Makefile",
      "impl\/misc\/drivers\/axil_macc_v1_0\/src\/xaxil_macc.c",
      "impl\/misc\/drivers\/axil_macc_v1_0\/src\/xaxil_macc.h",
      "impl\/misc\/drivers\/axil_macc_v1_0\/src\/xaxil_macc_hw.h",
      "impl\/misc\/drivers\/axil_macc_v1_0\/src\/xaxil_macc_linux.c",
      "impl\/misc\/drivers\/axil_macc_v1_0\/src\/xaxil_macc_sinit.c"
    ],
    "IpMisc": ["impl\/misc\/logo.png"],
    "CsynthXml": "syn\/report\/csynth.xml",
    "DebugDir": ".debug",
    "KernelXml": ".autopilot\/db\/kernel.internal.xml",
    "Xo": "",
    "XoHlsDir": "",
    "ProtoInst": [".debug\/axil_macc.protoinst"]
  },
  "SubcoreInfo": {
    "HasXpmMemory": false,
    "HasClockedDsp": false,
    "Ip": []
  },
  "Interfaces": {
    "s_axi_BUS1": {
      "type": "axi4lite",
      "busTypeName": "aximm",
      "mode": "slave",
      "dataWidth": "32",
      "addrWidth": "6",
      "portPrefix": "s_axi_BUS1_",
      "paramPrefix": "C_S_AXI_BUS1_",
      "ports": [
        "s_axi_BUS1_ARADDR",
        "s_axi_BUS1_ARREADY",
        "s_axi_BUS1_ARVALID",
        "s_axi_BUS1_AWADDR",
        "s_axi_BUS1_AWREADY",
        "s_axi_BUS1_AWVALID",
        "s_axi_BUS1_BREADY",
        "s_axi_BUS1_BRESP",
        "s_axi_BUS1_BVALID",
        "s_axi_BUS1_RDATA",
        "s_axi_BUS1_RREADY",
        "s_axi_BUS1_RRESP",
        "s_axi_BUS1_RVALID",
        "s_axi_BUS1_WDATA",
        "s_axi_BUS1_WREADY",
        "s_axi_BUS1_WSTRB",
        "s_axi_BUS1_WVALID"
      ],
      "registers": [
        {
          "offset": "0x00",
          "name": "CTRL",
          "access": "RW",
          "description": "Control signals",
          "range": "32",
          "fields": [
            {
              "offset": "0",
              "width": "1",
              "name": "AP_START",
              "access": "RW",
              "description": "Control signal Register for 'ap_start'."
            },
            {
              "offset": "1",
              "width": "1",
              "name": "AP_DONE",
              "access": "R",
              "description": "Control signal Register for 'ap_done'."
            },
            {
              "offset": "2",
              "width": "1",
              "name": "AP_IDLE",
              "access": "R",
              "description": "Control signal Register for 'ap_idle'."
            },
            {
              "offset": "3",
              "width": "1",
              "name": "AP_READY",
              "access": "R",
              "description": "Control signal Register for 'ap_ready'."
            },
            {
              "offset": "4",
              "width": "3",
              "name": "RESERVED_1",
              "access": "R",
              "description": "Reserved.  0s on read."
            },
            {
              "offset": "7",
              "width": "1",
              "name": "AUTO_RESTART",
              "access": "RW",
              "description": "Control signal Register for 'auto_restart'."
            },
            {
              "offset": "8",
              "width": "1",
              "name": "RESERVED_2",
              "access": "R",
              "description": "Reserved.  0s on read."
            },
            {
              "offset": "9",
              "width": "1",
              "name": "INTERRUPT",
              "access": "R",
              "description": "Control signal Register for 'interrupt'."
            },
            {
              "offset": "10",
              "width": "22",
              "name": "RESERVED_3",
              "access": "R",
              "description": "Reserved.  0s on read."
            }
          ]
        },
        {
          "offset": "0x04",
          "name": "GIER",
          "access": "RW",
          "description": "Global Interrupt Enable Register",
          "range": "32",
          "fields": [
            {
              "offset": "0",
              "width": "1",
              "name": "Enable",
              "access": "RW",
              "description": "Master enable for the device interrupt output to the system interrupt controller: 0 = Disabled, 1 = Enabled"
            },
            {
              "offset": "1",
              "width": "31",
              "name": "RESERVED",
              "access": "R",
              "description": "Reserved.  0s on read."
            }
          ]
        },
        {
          "offset": "0x08",
          "name": "IP_IER",
          "access": "RW",
          "description": "IP Interrupt Enable Register",
          "range": "32",
          "fields": [
            {
              "offset": "0",
              "width": "1",
              "name": "CHAN0_INT_EN",
              "access": "RW",
              "description": "Enable Channel 0 (ap_done) Interrupt.  0 = Disabled, 1 = Enabled."
            },
            {
              "offset": "1",
              "width": "1",
              "name": "CHAN1_INT_EN",
              "access": "RW",
              "description": "Enable Channel 1 (ap_ready) Interrupt.  0 = Disabled, 1 = Enabled."
            },
            {
              "offset": "2",
              "width": "30",
              "name": "RESERVED_0",
              "access": "R",
              "description": "Reserved.  0s on read."
            }
          ]
        },
        {
          "offset": "0x0c",
          "name": "IP_ISR",
          "access": "RW",
          "description": "IP Interrupt Status Register",
          "range": "32",
          "fields": [
            {
              "offset": "0",
              "width": "1",
              "name": "CHAN0_INT_ST",
              "access": "RTOW",
              "description": "Channel 0 (ap_done) Interrupt Status. 0 = No Channel 0 interrupt, 1 = Channel 0 interrupt."
            },
            {
              "offset": "1",
              "width": "1",
              "name": "CHAN1_INT_ST",
              "access": "RTOW",
              "description": "Channel 1 (ap_ready) Interrupt Status. 0 = No Channel 1 interrupt, 1 = Channel 1 interrupt."
            },
            {
              "offset": "2",
              "width": "30",
              "name": "RESERVED_0",
              "access": "R",
              "description": "Reserved.  0s on read."
            }
          ]
        },
        {
          "offset": "0x10",
          "name": "a",
          "access": "W",
          "description": "Data signal of a",
          "range": "32",
          "fields": [{
              "offset": "0",
              "width": "32",
              "name": "a",
              "access": "W",
              "description": "Bit 31 to 0 of a"
            }]
        },
        {
          "offset": "0x18",
          "name": "b",
          "access": "W",
          "description": "Data signal of b",
          "range": "32",
          "fields": [{
              "offset": "0",
              "width": "32",
              "name": "b",
              "access": "W",
              "description": "Bit 31 to 0 of b"
            }]
        },
        {
          "offset": "0x20",
          "name": "c",
          "access": "R",
          "description": "Data signal of c",
          "range": "32",
          "fields": [{
              "offset": "0",
              "width": "32",
              "name": "c",
              "access": "R",
              "description": "Bit 31 to 0 of c"
            }]
        },
        {
          "offset": "0x24",
          "name": "c_ctrl",
          "access": "R",
          "description": "Control signal of c",
          "range": "32",
          "fields": [
            {
              "offset": "0",
              "width": "1",
              "name": "c_ap_vld",
              "access": "R",
              "description": "Control signal c_ap_vld"
            },
            {
              "offset": "1",
              "width": "31",
              "name": "RESERVED",
              "access": "R",
              "description": "Reserved.  0s on read."
            }
          ]
        },
        {
          "offset": "0x30",
          "name": "instr",
          "access": "W",
          "description": "Data signal of instr",
          "range": "32",
          "fields": [{
              "offset": "0",
              "width": "32",
              "name": "instr",
              "access": "W",
              "description": "Bit 31 to 0 of instr"
            }]
        }
      ],
      "constraints": [
        {
          "constraint_type": "pragma interface",
          "mode": "s_axilite",
          "register_option": "0",
          "offset": "16",
          "argName": "a"
        },
        {
          "constraint_type": "pragma interface",
          "mode": "s_axilite",
          "register_option": "0",
          "offset": "24",
          "argName": "b"
        },
        {
          "constraint_type": "pragma interface",
          "mode": "s_axilite",
          "register_option": "0",
          "offset": "32",
          "argName": "c"
        },
        {
          "constraint_type": "pragma interface",
          "mode": "s_axilite",
          "register_option": "0",
          "offset": "48",
          "argName": "instr"
        }
      ]
    },
    "ap_clk": {
      "type": "clock",
      "busTypeName": "clock",
      "mode": "slave",
      "busParams": {
        "ASSOCIATED_BUSIF": "s_axi_BUS1",
        "ASSOCIATED_RESET": "ap_rst_n"
      },
      "portMap": {"ap_clk": "CLK"},
      "ports": ["ap_clk"]
    },
    "ap_rst_n": {
      "type": "reset",
      "busTypeName": "reset",
      "mode": "slave",
      "busParams": {"POLARITY": "ACTIVE_LOW"},
      "portMap": {"ap_rst_n": "RST"},
      "ports": ["ap_rst_n"]
    },
    "interrupt": {
      "type": "interrupt",
      "busTypeName": "interrupt",
      "mode": "master",
      "dataWidth": "1",
      "busParams": {"SENSITIVITY": "LEVEL_HIGH"},
      "portMap": {"interrupt": "INTERRUPT"},
      "ports": ["interrupt"]
    }
  },
  "RtlPorts": {
    "s_axi_BUS1_AWVALID": {
      "dir": "in",
      "width": "1"
    },
    "s_axi_BUS1_AWREADY": {
      "dir": "out",
      "width": "1"
    },
    "s_axi_BUS1_AWADDR": {
      "dir": "in",
      "width": "6"
    },
    "s_axi_BUS1_WVALID": {
      "dir": "in",
      "width": "1"
    },
    "s_axi_BUS1_WREADY": {
      "dir": "out",
      "width": "1"
    },
    "s_axi_BUS1_WDATA": {
      "dir": "in",
      "width": "32"
    },
    "s_axi_BUS1_WSTRB": {
      "dir": "in",
      "width": "4"
    },
    "s_axi_BUS1_ARVALID": {
      "dir": "in",
      "width": "1"
    },
    "s_axi_BUS1_ARREADY": {
      "dir": "out",
      "width": "1"
    },
    "s_axi_BUS1_ARADDR": {
      "dir": "in",
      "width": "6"
    },
    "s_axi_BUS1_RVALID": {
      "dir": "out",
      "width": "1"
    },
    "s_axi_BUS1_RREADY": {
      "dir": "in",
      "width": "1"
    },
    "s_axi_BUS1_RDATA": {
      "dir": "out",
      "width": "32"
    },
    "s_axi_BUS1_RRESP": {
      "dir": "out",
      "width": "2"
    },
    "s_axi_BUS1_BVALID": {
      "dir": "out",
      "width": "1"
    },
    "s_axi_BUS1_BREADY": {
      "dir": "in",
      "width": "1"
    },
    "s_axi_BUS1_BRESP": {
      "dir": "out",
      "width": "2"
    },
    "ap_clk": {
      "dir": "in",
      "width": "1"
    },
    "ap_rst_n": {
      "dir": "in",
      "width": "1"
    },
    "interrupt": {
      "dir": "out",
      "width": "1"
    }
  },
  "ModuleInfo": {
    "Hierarchy": {
      "ModuleName": "axil_macc",
      "BindInstances": "mul_32s_32s_32_2_1_U1 icmp_ln14_fu_73_p2 add_ln18_fu_83_p2 storemerge_fu_88_p3 BUS1_s_axi_U"
    },
    "Info": {"axil_macc": {
        "FunctionProtocol": "ap_ctrl_hs",
        "isTaskLevelControl": "0",
        "isPipelined": "0",
        "isCombinational": "0",
        "isOneStateSeq": "0"
      }},
    "Metrics": {"axil_macc": {
        "Latency": {
          "LatencyBest": "3",
          "LatencyAvg": "3",
          "LatencyWorst": "3",
          "PipelineII": "4",
          "PipelineDepth": "",
          "PipelineType": "no"
        },
        "Timing": {
          "Target": "10.00",
          "Uncertainty": "2.70",
          "Estimate": "6.912"
        },
        "Area": {
          "BRAM_18K": "0",
          "AVAIL_BRAM": "120",
          "UTIL_BRAM": "0",
          "DSP": "3",
          "AVAIL_DSP": "80",
          "UTIL_DSP": "3",
          "FF": "486",
          "AVAIL_FF": "35200",
          "UTIL_FF": "1",
          "LUT": "481",
          "AVAIL_LUT": "17600",
          "UTIL_LUT": "2",
          "URAM": "0",
          "AVAIL_URAM": "0",
          "UTIL_URAM": "0"
        }
      }}
  },
  "GenerateBdFiles": "0",
  "GenData": {
    "DataVersion": "0.2",
    "Time": "2025-05-05 16:22:59 +0100",
    "ToolName": "vitis_hls",
    "ToolVersion": "2024.1"
  }
}
