<stg><name>axil_macc</name>


<trans_list>

<trans id="31" from="1" to="2">
<condition id="-1">
<or_exp><and_exp></and_exp></or_exp>
</condition>
</trans>

<trans id="32" from="2" to="3">
<condition id="-1">
<or_exp><and_exp></and_exp></or_exp>
</condition>
</trans>

<trans id="33" from="3" to="4">
<condition id="-1">
<or_exp><and_exp></and_exp></or_exp>
</condition>
</trans>
</trans_list>



<state_list>

<state id="1" st_id="1">

<operation id="5" st_id="1" stage="1" lat="1">
<core>s_axilite</core>
<MemPortIdVec></MemPortIdVec>
<condition id="-1">
<or_exp><and_exp></and_exp></or_exp>
</condition>

<Node id="20" bw="32" op_0_bw="32" op_1_bw="32">
<![CDATA[
entry_ifconv:14 %a_read = read i32 @_ssdm_op_Read.s_axilite.i32P0A, i32 %a

]]></Node>
<StgValue><ssdm name="a_read"/></StgValue>
</operation>

<operation id="6" st_id="1" stage="1" lat="1">
<core>s_axilite</core>
<MemPortIdVec></MemPortIdVec>
<condition id="-1">
<or_exp><and_exp></and_exp></or_exp>
</condition>

<Node id="21" bw="32" op_0_bw="32" op_1_bw="32">
<![CDATA[
entry_ifconv:15 %b_read = read i32 @_ssdm_op_Read.s_axilite.i32P0A, i32 %b

]]></Node>
<StgValue><ssdm name="b_read"/></StgValue>
</operation>

<operation id="7" st_id="1" stage="1" lat="1">
<core>s_axilite</core>
<MemPortIdVec></MemPortIdVec>
<condition id="-1">
<or_exp><and_exp></and_exp></or_exp>
</condition>

<Node id="23" bw="32" op_0_bw="32" op_1_bw="32">
<![CDATA[
entry_ifconv:17 %instr_read = read i32 @_ssdm_op_Read.s_axilite.i32P0A, i32 %instr

]]></Node>
<StgValue><ssdm name="instr_read"/></StgValue>
</operation>

<operation id="8" st_id="1" stage="1" lat="1">
<core>Cmp</core>
<MemPortIdVec></MemPortIdVec>
<condition id="-1">
<or_exp><and_exp></and_exp></or_exp>
</condition>

<Node id="24" bw="1" op_0_bw="32" op_1_bw="32">
<![CDATA[
entry_ifconv:18 %icmp_ln14 = icmp_eq  i32 %instr_read, i32 0

]]></Node>
<StgValue><ssdm name="icmp_ln14"/></StgValue>
</operation>
</state>

<state id="2" st_id="2">

<operation id="9" st_id="2" stage="2" lat="2">
<core>Multiplier</core>
<MemPortIdVec></MemPortIdVec>
<condition id="-1">
<or_exp><and_exp></and_exp></or_exp>
</condition>

<Node id="22" bw="32" op_0_bw="32" op_1_bw="32">
<![CDATA[
entry_ifconv:16 %mul = mul i32 %b_read, i32 %a_read

]]></Node>
<StgValue><ssdm name="mul"/></StgValue>
</operation>
</state>

<state id="3" st_id="3">

<operation id="10" st_id="3" stage="1" lat="2">
<core>Multiplier</core>
<MemPortIdVec></MemPortIdVec>
<condition id="-1">
<or_exp><and_exp></and_exp></or_exp>
</condition>

<Node id="22" bw="32" op_0_bw="32" op_1_bw="32">
<![CDATA[
entry_ifconv:16 %mul = mul i32 %b_read, i32 %a_read

]]></Node>
<StgValue><ssdm name="mul"/></StgValue>
</operation>
</state>

<state id="4" st_id="4">

<operation id="11" st_id="4" stage="1" lat="1">
<core>NULL</core>
<MemPortIdVec></MemPortIdVec>
<condition id="-1">
<or_exp><and_exp></and_exp></or_exp>
</condition>

<Node id="6" bw="0" op_0_bw="0" op_1_bw="0">
<![CDATA[
entry_ifconv:0 %spectopmodule_ln1 = spectopmodule void @_ssdm_op_SpecTopModule, void @empty_8

]]></Node>
<StgValue><ssdm name="spectopmodule_ln1"/></StgValue>
</operation>

<operation id="12" st_id="4" stage="1" lat="1">
<core>NULL</core>
<MemPortIdVec></MemPortIdVec>
<condition id="-1">
<or_exp><and_exp></and_exp></or_exp>
</condition>

<Node id="7" bw="0" op_0_bw="0" op_1_bw="32">
<![CDATA[
entry_ifconv:1 %specbitsmap_ln0 = specbitsmap void @_ssdm_op_SpecBitsMap, i32 %a

]]></Node>
<StgValue><ssdm name="specbitsmap_ln0"/></StgValue>
</operation>

<operation id="13" st_id="4" stage="1" lat="1">
<core>NULL</core>
<MemPortIdVec></MemPortIdVec>
<condition id="-1">
<or_exp><and_exp></and_exp></or_exp>
</condition>

<Node id="8" bw="0" op_0_bw="0" op_1_bw="32" op_2_bw="0" op_3_bw="32" op_4_bw="32" op_5_bw="0" op_6_bw="32" op_7_bw="32" op_8_bw="0" op_9_bw="0" op_10_bw="0" op_11_bw="32" op_12_bw="32" op_13_bw="32" op_14_bw="32" op_15_bw="0" op_16_bw="0" op_17_bw="32" op_18_bw="32" op_19_bw="32">
<![CDATA[
entry_ifconv:2 %specinterface_ln0 = specinterface void @_ssdm_op_SpecInterface, i32 %a, void @empty, i32 4294967295, i32 4294967295, void @empty_0, i32 0, i32 0, void @empty_1, void @empty_2, void @empty_3, i32 0, i32 0, i32 0, i32 0, void @empty_3, void @empty_3, i32 4294967295, i32 0, i32 0

]]></Node>
<StgValue><ssdm name="specinterface_ln0"/></StgValue>
</operation>

<operation id="14" st_id="4" stage="1" lat="1">
<core>NULL</core>
<MemPortIdVec></MemPortIdVec>
<condition id="-1">
<or_exp><and_exp></and_exp></or_exp>
</condition>

<Node id="9" bw="0" op_0_bw="0" op_1_bw="32" op_2_bw="0" op_3_bw="32" op_4_bw="32" op_5_bw="0" op_6_bw="32" op_7_bw="32" op_8_bw="0" op_9_bw="0" op_10_bw="0" op_11_bw="32" op_12_bw="32" op_13_bw="32" op_14_bw="32" op_15_bw="0" op_16_bw="0" op_17_bw="32" op_18_bw="32" op_19_bw="32">
<![CDATA[
entry_ifconv:3 %specinterface_ln0 = specinterface void @_ssdm_op_SpecInterface, i32 %a, void @empty_4, i32 4294967295, i32 4294967295, void @empty_3, i32 0, i32 0, void @empty_3, void @empty_3, void @empty_3, i32 0, i32 0, i32 0, i32 0, void @empty_3, void @empty_3, i32 4294967295, i32 0, i32 0

]]></Node>
<StgValue><ssdm name="specinterface_ln0"/></StgValue>
</operation>

<operation id="15" st_id="4" stage="1" lat="1">
<core>NULL</core>
<MemPortIdVec></MemPortIdVec>
<condition id="-1">
<or_exp><and_exp></and_exp></or_exp>
</condition>

<Node id="10" bw="0" op_0_bw="0" op_1_bw="32">
<![CDATA[
entry_ifconv:4 %specbitsmap_ln0 = specbitsmap void @_ssdm_op_SpecBitsMap, i32 %b

]]></Node>
<StgValue><ssdm name="specbitsmap_ln0"/></StgValue>
</operation>

<operation id="16" st_id="4" stage="1" lat="1">
<core>NULL</core>
<MemPortIdVec></MemPortIdVec>
<condition id="-1">
<or_exp><and_exp></and_exp></or_exp>
</condition>

<Node id="11" bw="0" op_0_bw="0" op_1_bw="32" op_2_bw="0" op_3_bw="32" op_4_bw="32" op_5_bw="0" op_6_bw="32" op_7_bw="32" op_8_bw="0" op_9_bw="0" op_10_bw="0" op_11_bw="32" op_12_bw="32" op_13_bw="32" op_14_bw="32" op_15_bw="0" op_16_bw="0" op_17_bw="32" op_18_bw="32" op_19_bw="32">
<![CDATA[
entry_ifconv:5 %specinterface_ln0 = specinterface void @_ssdm_op_SpecInterface, i32 %b, void @empty, i32 4294967295, i32 4294967295, void @empty_0, i32 0, i32 0, void @empty_1, void @empty_5, void @empty_3, i32 0, i32 0, i32 0, i32 0, void @empty_3, void @empty_3, i32 4294967295, i32 0, i32 0

]]></Node>
<StgValue><ssdm name="specinterface_ln0"/></StgValue>
</operation>

<operation id="17" st_id="4" stage="1" lat="1">
<core>NULL</core>
<MemPortIdVec></MemPortIdVec>
<condition id="-1">
<or_exp><and_exp></and_exp></or_exp>
</condition>

<Node id="12" bw="0" op_0_bw="0" op_1_bw="32" op_2_bw="0" op_3_bw="32" op_4_bw="32" op_5_bw="0" op_6_bw="32" op_7_bw="32" op_8_bw="0" op_9_bw="0" op_10_bw="0" op_11_bw="32" op_12_bw="32" op_13_bw="32" op_14_bw="32" op_15_bw="0" op_16_bw="0" op_17_bw="32" op_18_bw="32" op_19_bw="32">
<![CDATA[
entry_ifconv:6 %specinterface_ln0 = specinterface void @_ssdm_op_SpecInterface, i32 %b, void @empty_4, i32 4294967295, i32 4294967295, void @empty_3, i32 0, i32 0, void @empty_3, void @empty_3, void @empty_3, i32 0, i32 0, i32 0, i32 0, void @empty_3, void @empty_3, i32 4294967295, i32 0, i32 0

]]></Node>
<StgValue><ssdm name="specinterface_ln0"/></StgValue>
</operation>

<operation id="18" st_id="4" stage="1" lat="1">
<core>NULL</core>
<MemPortIdVec></MemPortIdVec>
<condition id="-1">
<or_exp><and_exp></and_exp></or_exp>
</condition>

<Node id="13" bw="0" op_0_bw="0" op_1_bw="32">
<![CDATA[
entry_ifconv:7 %specbitsmap_ln0 = specbitsmap void @_ssdm_op_SpecBitsMap, i32 %c

]]></Node>
<StgValue><ssdm name="specbitsmap_ln0"/></StgValue>
</operation>

<operation id="19" st_id="4" stage="1" lat="1">
<core>NULL</core>
<MemPortIdVec></MemPortIdVec>
<condition id="-1">
<or_exp><and_exp></and_exp></or_exp>
</condition>

<Node id="14" bw="0" op_0_bw="0" op_1_bw="32" op_2_bw="0" op_3_bw="32" op_4_bw="32" op_5_bw="0" op_6_bw="32" op_7_bw="32" op_8_bw="0" op_9_bw="0" op_10_bw="0" op_11_bw="32" op_12_bw="32" op_13_bw="32" op_14_bw="32" op_15_bw="0" op_16_bw="0" op_17_bw="32" op_18_bw="32" op_19_bw="32">
<![CDATA[
entry_ifconv:8 %specinterface_ln0 = specinterface void @_ssdm_op_SpecInterface, i32 %c, void @empty, i32 4294967295, i32 4294967295, void @empty_0, i32 0, i32 0, void @empty_1, void @empty_6, void @empty_3, i32 0, i32 0, i32 0, i32 0, void @empty_3, void @empty_3, i32 4294967295, i32 0, i32 0

]]></Node>
<StgValue><ssdm name="specinterface_ln0"/></StgValue>
</operation>

<operation id="20" st_id="4" stage="1" lat="1">
<core>NULL</core>
<MemPortIdVec></MemPortIdVec>
<condition id="-1">
<or_exp><and_exp></and_exp></or_exp>
</condition>

<Node id="15" bw="0" op_0_bw="0" op_1_bw="32" op_2_bw="0" op_3_bw="32" op_4_bw="32" op_5_bw="0" op_6_bw="32" op_7_bw="32" op_8_bw="0" op_9_bw="0" op_10_bw="0" op_11_bw="32" op_12_bw="32" op_13_bw="32" op_14_bw="32" op_15_bw="0" op_16_bw="0" op_17_bw="32" op_18_bw="32" op_19_bw="32">
<![CDATA[
entry_ifconv:9 %specinterface_ln0 = specinterface void @_ssdm_op_SpecInterface, i32 %c, void @empty_4, i32 4294967295, i32 4294967295, void @empty_3, i32 0, i32 0, void @empty_3, void @empty_3, void @empty_3, i32 0, i32 0, i32 0, i32 0, void @empty_3, void @empty_3, i32 4294967295, i32 0, i32 0

]]></Node>
<StgValue><ssdm name="specinterface_ln0"/></StgValue>
</operation>

<operation id="21" st_id="4" stage="1" lat="1">
<core>NULL</core>
<MemPortIdVec></MemPortIdVec>
<condition id="-1">
<or_exp><and_exp></and_exp></or_exp>
</condition>

<Node id="16" bw="0" op_0_bw="0" op_1_bw="32">
<![CDATA[
entry_ifconv:10 %specbitsmap_ln0 = specbitsmap void @_ssdm_op_SpecBitsMap, i32 %instr

]]></Node>
<StgValue><ssdm name="specbitsmap_ln0"/></StgValue>
</operation>

<operation id="22" st_id="4" stage="1" lat="1">
<core>NULL</core>
<MemPortIdVec></MemPortIdVec>
<condition id="-1">
<or_exp><and_exp></and_exp></or_exp>
</condition>

<Node id="17" bw="0" op_0_bw="0" op_1_bw="32" op_2_bw="0" op_3_bw="32" op_4_bw="32" op_5_bw="0" op_6_bw="32" op_7_bw="32" op_8_bw="0" op_9_bw="0" op_10_bw="0" op_11_bw="32" op_12_bw="32" op_13_bw="32" op_14_bw="32" op_15_bw="0" op_16_bw="0" op_17_bw="32" op_18_bw="32" op_19_bw="32">
<![CDATA[
entry_ifconv:11 %specinterface_ln0 = specinterface void @_ssdm_op_SpecInterface, i32 %instr, void @empty, i32 4294967295, i32 4294967295, void @empty_0, i32 0, i32 0, void @empty_1, void @empty_7, void @empty_3, i32 0, i32 0, i32 0, i32 0, void @empty_3, void @empty_3, i32 4294967295, i32 0, i32 0

]]></Node>
<StgValue><ssdm name="specinterface_ln0"/></StgValue>
</operation>

<operation id="23" st_id="4" stage="1" lat="1">
<core>NULL</core>
<MemPortIdVec></MemPortIdVec>
<condition id="-1">
<or_exp><and_exp></and_exp></or_exp>
</condition>

<Node id="18" bw="0" op_0_bw="0" op_1_bw="32" op_2_bw="0" op_3_bw="32" op_4_bw="32" op_5_bw="0" op_6_bw="32" op_7_bw="32" op_8_bw="0" op_9_bw="0" op_10_bw="0" op_11_bw="32" op_12_bw="32" op_13_bw="32" op_14_bw="32" op_15_bw="0" op_16_bw="0" op_17_bw="32" op_18_bw="32" op_19_bw="32">
<![CDATA[
entry_ifconv:12 %specinterface_ln0 = specinterface void @_ssdm_op_SpecInterface, i32 %instr, void @empty_4, i32 4294967295, i32 4294967295, void @empty_3, i32 0, i32 0, void @empty_3, void @empty_3, void @empty_3, i32 0, i32 0, i32 0, i32 0, void @empty_3, void @empty_3, i32 4294967295, i32 0, i32 0

]]></Node>
<StgValue><ssdm name="specinterface_ln0"/></StgValue>
</operation>

<operation id="24" st_id="4" stage="1" lat="1">
<core>NULL</core>
<MemPortIdVec></MemPortIdVec>
<condition id="-1">
<or_exp><and_exp></and_exp></or_exp>
</condition>

<Node id="19" bw="0" op_0_bw="0" op_1_bw="32" op_2_bw="0" op_3_bw="32" op_4_bw="32" op_5_bw="0" op_6_bw="32" op_7_bw="32" op_8_bw="0" op_9_bw="0" op_10_bw="0" op_11_bw="32" op_12_bw="32" op_13_bw="32" op_14_bw="32" op_15_bw="0" op_16_bw="0" op_17_bw="32" op_18_bw="32" op_19_bw="32">
<![CDATA[
entry_ifconv:13 %specinterface_ln0 = specinterface void @_ssdm_op_SpecInterface, i32 0, void @empty, i32 0, i32 0, void @empty_3, i32 0, i32 0, void @empty_1, void @empty_3, void @empty_3, i32 0, i32 0, i32 0, i32 0, void @empty_3, void @empty_3, i32 4294967295, i32 0, i32 0

]]></Node>
<StgValue><ssdm name="specinterface_ln0"/></StgValue>
</operation>

<operation id="25" st_id="4" stage="1" lat="1">
<core>NULL</core>
<MemPortIdVec></MemPortIdVec>
<condition id="-1">
<or_exp><and_exp><literal name="icmp_ln14" val="0"/>
</and_exp></or_exp>
</condition>

<Node id="25" bw="32" op_0_bw="32">
<![CDATA[
entry_ifconv:19 %regc_load = load i32 %regc

]]></Node>
<StgValue><ssdm name="regc_load"/></StgValue>
</operation>

<operation id="26" st_id="4" stage="1" lat="1">
<core>Adder</core>
<MemPortIdVec></MemPortIdVec>
<condition id="-1">
<or_exp><and_exp><literal name="icmp_ln14" val="0"/>
</and_exp></or_exp>
</condition>

<Node id="26" bw="32" op_0_bw="32" op_1_bw="32">
<![CDATA[
entry_ifconv:20 %add_ln18 = add i32 %regc_load, i32 %mul

]]></Node>
<StgValue><ssdm name="add_ln18"/></StgValue>
</operation>

<operation id="27" st_id="4" stage="1" lat="1">
<core>Sel</core>
<MemPortIdVec></MemPortIdVec>
<condition id="-1">
<or_exp><and_exp></and_exp></or_exp>
</condition>

<Node id="27" bw="32" op_0_bw="1" op_1_bw="32" op_2_bw="32">
<![CDATA[
entry_ifconv:21 %storemerge = select i1 %icmp_ln14, i32 %mul, i32 %add_ln18

]]></Node>
<StgValue><ssdm name="storemerge"/></StgValue>
</operation>

<operation id="28" st_id="4" stage="1" lat="1">
<core>NULL</core>
<MemPortIdVec></MemPortIdVec>
<condition id="-1">
<or_exp><and_exp></and_exp></or_exp>
</condition>

<Node id="28" bw="0" op_0_bw="32" op_1_bw="32" op_2_bw="0">
<![CDATA[
entry_ifconv:22 %store_ln15 = store i32 %storemerge, i32 %regc

]]></Node>
<StgValue><ssdm name="store_ln15"/></StgValue>
</operation>

<operation id="29" st_id="4" stage="1" lat="1">
<core>s_axilite</core>
<MemPortIdVec></MemPortIdVec>
<condition id="-1">
<or_exp><and_exp></and_exp></or_exp>
</condition>

<Node id="29" bw="0" op_0_bw="0" op_1_bw="32" op_2_bw="32">
<![CDATA[
entry_ifconv:23 %write_ln21 = write void @_ssdm_op_Write.s_axilite.i32P0A, i32 %c, i32 %storemerge

]]></Node>
<StgValue><ssdm name="write_ln21"/></StgValue>
</operation>

<operation id="30" st_id="4" stage="1" lat="1">
<core>NULL</core>
<MemPortIdVec></MemPortIdVec>
<condition id="-1">
<or_exp><and_exp></and_exp></or_exp>
</condition>

<Node id="30" bw="0">
<![CDATA[
entry_ifconv:24 %ret_ln22 = ret

]]></Node>
<StgValue><ssdm name="ret_ln22"/></StgValue>
</operation>
</state>
</state_list>


<ports>
<port id="34" name="a" dir="0" iftype="0">
<core>NULL</core><StgValue><ssdm name="a"/></StgValue>
</port>
<port id="35" name="b" dir="0" iftype="0">
<core>NULL</core><StgValue><ssdm name="b"/></StgValue>
</port>
<port id="36" name="c" dir="1" iftype="0">
<core>NULL</core><StgValue><ssdm name="c"/></StgValue>
</port>
<port id="37" name="instr" dir="0" iftype="0">
<core>NULL</core><StgValue><ssdm name="instr"/></StgValue>
</port>
<port id="38" name="regc" dir="2" iftype="0">
<core>NULL</core><StgValue><ssdm name="regc"/></StgValue>
</port>
</ports>


<dataflows>
<dataflow id="40" from="_ssdm_op_Read.s_axilite.i32P0A" to="a_read" fromId="39" toId="5">
</dataflow>
<dataflow id="41" from="a" to="a_read" fromId="34" toId="5">
</dataflow>
<dataflow id="42" from="_ssdm_op_Read.s_axilite.i32P0A" to="b_read" fromId="39" toId="6">
</dataflow>
<dataflow id="43" from="b" to="b_read" fromId="35" toId="6">
</dataflow>
<dataflow id="44" from="_ssdm_op_Read.s_axilite.i32P0A" to="instr_read" fromId="39" toId="7">
</dataflow>
<dataflow id="45" from="instr" to="instr_read" fromId="37" toId="7">
</dataflow>
<dataflow id="46" from="instr_read" to="icmp_ln14" fromId="7" toId="8">
</dataflow>
<dataflow id="48" from="StgValue_47" to="icmp_ln14" fromId="47" toId="8">
</dataflow>
<dataflow id="49" from="b_read" to="mul" fromId="6" toId="9">
</dataflow>
<dataflow id="50" from="a_read" to="mul" fromId="5" toId="9">
</dataflow>
<dataflow id="51" from="b_read" to="mul" fromId="6" toId="10">
</dataflow>
<dataflow id="52" from="a_read" to="mul" fromId="5" toId="10">
</dataflow>
<dataflow id="54" from="_ssdm_op_SpecTopModule" to="spectopmodule_ln1" fromId="53" toId="11">
</dataflow>
<dataflow id="56" from="empty_8" to="spectopmodule_ln1" fromId="55" toId="11">
</dataflow>
<dataflow id="58" from="_ssdm_op_SpecBitsMap" to="specbitsmap_ln0" fromId="57" toId="12">
</dataflow>
<dataflow id="59" from="a" to="specbitsmap_ln0" fromId="34" toId="12">
</dataflow>
<dataflow id="61" from="_ssdm_op_SpecInterface" to="specinterface_ln0" fromId="60" toId="13">
</dataflow>
<dataflow id="62" from="a" to="specinterface_ln0" fromId="34" toId="13">
</dataflow>
<dataflow id="64" from="empty" to="specinterface_ln0" fromId="63" toId="13">
</dataflow>
<dataflow id="66" from="StgValue_65" to="specinterface_ln0" fromId="65" toId="13">
</dataflow>
<dataflow id="67" from="StgValue_65" to="specinterface_ln0" fromId="65" toId="13">
</dataflow>
<dataflow id="69" from="empty_0" to="specinterface_ln0" fromId="68" toId="13">
</dataflow>
<dataflow id="70" from="StgValue_47" to="specinterface_ln0" fromId="47" toId="13">
</dataflow>
<dataflow id="71" from="StgValue_47" to="specinterface_ln0" fromId="47" toId="13">
</dataflow>
<dataflow id="73" from="empty_1" to="specinterface_ln0" fromId="72" toId="13">
</dataflow>
<dataflow id="75" from="empty_2" to="specinterface_ln0" fromId="74" toId="13">
</dataflow>
<dataflow id="77" from="empty_3" to="specinterface_ln0" fromId="76" toId="13">
</dataflow>
<dataflow id="78" from="StgValue_47" to="specinterface_ln0" fromId="47" toId="13">
</dataflow>
<dataflow id="79" from="StgValue_47" to="specinterface_ln0" fromId="47" toId="13">
</dataflow>
<dataflow id="80" from="StgValue_47" to="specinterface_ln0" fromId="47" toId="13">
</dataflow>
<dataflow id="81" from="StgValue_47" to="specinterface_ln0" fromId="47" toId="13">
</dataflow>
<dataflow id="82" from="empty_3" to="specinterface_ln0" fromId="76" toId="13">
</dataflow>
<dataflow id="83" from="empty_3" to="specinterface_ln0" fromId="76" toId="13">
</dataflow>
<dataflow id="84" from="StgValue_65" to="specinterface_ln0" fromId="65" toId="13">
</dataflow>
<dataflow id="85" from="StgValue_47" to="specinterface_ln0" fromId="47" toId="13">
</dataflow>
<dataflow id="86" from="StgValue_47" to="specinterface_ln0" fromId="47" toId="13">
</dataflow>
<dataflow id="87" from="_ssdm_op_SpecInterface" to="specinterface_ln0" fromId="60" toId="14">
</dataflow>
<dataflow id="88" from="a" to="specinterface_ln0" fromId="34" toId="14">
</dataflow>
<dataflow id="90" from="empty_4" to="specinterface_ln0" fromId="89" toId="14">
</dataflow>
<dataflow id="91" from="StgValue_65" to="specinterface_ln0" fromId="65" toId="14">
</dataflow>
<dataflow id="92" from="StgValue_65" to="specinterface_ln0" fromId="65" toId="14">
</dataflow>
<dataflow id="93" from="empty_3" to="specinterface_ln0" fromId="76" toId="14">
</dataflow>
<dataflow id="94" from="StgValue_47" to="specinterface_ln0" fromId="47" toId="14">
</dataflow>
<dataflow id="95" from="StgValue_47" to="specinterface_ln0" fromId="47" toId="14">
</dataflow>
<dataflow id="96" from="empty_3" to="specinterface_ln0" fromId="76" toId="14">
</dataflow>
<dataflow id="97" from="empty_3" to="specinterface_ln0" fromId="76" toId="14">
</dataflow>
<dataflow id="98" from="empty_3" to="specinterface_ln0" fromId="76" toId="14">
</dataflow>
<dataflow id="99" from="StgValue_47" to="specinterface_ln0" fromId="47" toId="14">
</dataflow>
<dataflow id="100" from="StgValue_47" to="specinterface_ln0" fromId="47" toId="14">
</dataflow>
<dataflow id="101" from="StgValue_47" to="specinterface_ln0" fromId="47" toId="14">
</dataflow>
<dataflow id="102" from="StgValue_47" to="specinterface_ln0" fromId="47" toId="14">
</dataflow>
<dataflow id="103" from="empty_3" to="specinterface_ln0" fromId="76" toId="14">
</dataflow>
<dataflow id="104" from="empty_3" to="specinterface_ln0" fromId="76" toId="14">
</dataflow>
<dataflow id="105" from="StgValue_65" to="specinterface_ln0" fromId="65" toId="14">
</dataflow>
<dataflow id="106" from="StgValue_47" to="specinterface_ln0" fromId="47" toId="14">
</dataflow>
<dataflow id="107" from="StgValue_47" to="specinterface_ln0" fromId="47" toId="14">
</dataflow>
<dataflow id="108" from="_ssdm_op_SpecBitsMap" to="specbitsmap_ln0" fromId="57" toId="15">
</dataflow>
<dataflow id="109" from="b" to="specbitsmap_ln0" fromId="35" toId="15">
</dataflow>
<dataflow id="110" from="_ssdm_op_SpecInterface" to="specinterface_ln0" fromId="60" toId="16">
</dataflow>
<dataflow id="111" from="b" to="specinterface_ln0" fromId="35" toId="16">
</dataflow>
<dataflow id="112" from="empty" to="specinterface_ln0" fromId="63" toId="16">
</dataflow>
<dataflow id="113" from="StgValue_65" to="specinterface_ln0" fromId="65" toId="16">
</dataflow>
<dataflow id="114" from="StgValue_65" to="specinterface_ln0" fromId="65" toId="16">
</dataflow>
<dataflow id="115" from="empty_0" to="specinterface_ln0" fromId="68" toId="16">
</dataflow>
<dataflow id="116" from="StgValue_47" to="specinterface_ln0" fromId="47" toId="16">
</dataflow>
<dataflow id="117" from="StgValue_47" to="specinterface_ln0" fromId="47" toId="16">
</dataflow>
<dataflow id="118" from="empty_1" to="specinterface_ln0" fromId="72" toId="16">
</dataflow>
<dataflow id="120" from="empty_5" to="specinterface_ln0" fromId="119" toId="16">
</dataflow>
<dataflow id="121" from="empty_3" to="specinterface_ln0" fromId="76" toId="16">
</dataflow>
<dataflow id="122" from="StgValue_47" to="specinterface_ln0" fromId="47" toId="16">
</dataflow>
<dataflow id="123" from="StgValue_47" to="specinterface_ln0" fromId="47" toId="16">
</dataflow>
<dataflow id="124" from="StgValue_47" to="specinterface_ln0" fromId="47" toId="16">
</dataflow>
<dataflow id="125" from="StgValue_47" to="specinterface_ln0" fromId="47" toId="16">
</dataflow>
<dataflow id="126" from="empty_3" to="specinterface_ln0" fromId="76" toId="16">
</dataflow>
<dataflow id="127" from="empty_3" to="specinterface_ln0" fromId="76" toId="16">
</dataflow>
<dataflow id="128" from="StgValue_65" to="specinterface_ln0" fromId="65" toId="16">
</dataflow>
<dataflow id="129" from="StgValue_47" to="specinterface_ln0" fromId="47" toId="16">
</dataflow>
<dataflow id="130" from="StgValue_47" to="specinterface_ln0" fromId="47" toId="16">
</dataflow>
<dataflow id="131" from="_ssdm_op_SpecInterface" to="specinterface_ln0" fromId="60" toId="17">
</dataflow>
<dataflow id="132" from="b" to="specinterface_ln0" fromId="35" toId="17">
</dataflow>
<dataflow id="133" from="empty_4" to="specinterface_ln0" fromId="89" toId="17">
</dataflow>
<dataflow id="134" from="StgValue_65" to="specinterface_ln0" fromId="65" toId="17">
</dataflow>
<dataflow id="135" from="StgValue_65" to="specinterface_ln0" fromId="65" toId="17">
</dataflow>
<dataflow id="136" from="empty_3" to="specinterface_ln0" fromId="76" toId="17">
</dataflow>
<dataflow id="137" from="StgValue_47" to="specinterface_ln0" fromId="47" toId="17">
</dataflow>
<dataflow id="138" from="StgValue_47" to="specinterface_ln0" fromId="47" toId="17">
</dataflow>
<dataflow id="139" from="empty_3" to="specinterface_ln0" fromId="76" toId="17">
</dataflow>
<dataflow id="140" from="empty_3" to="specinterface_ln0" fromId="76" toId="17">
</dataflow>
<dataflow id="141" from="empty_3" to="specinterface_ln0" fromId="76" toId="17">
</dataflow>
<dataflow id="142" from="StgValue_47" to="specinterface_ln0" fromId="47" toId="17">
</dataflow>
<dataflow id="143" from="StgValue_47" to="specinterface_ln0" fromId="47" toId="17">
</dataflow>
<dataflow id="144" from="StgValue_47" to="specinterface_ln0" fromId="47" toId="17">
</dataflow>
<dataflow id="145" from="StgValue_47" to="specinterface_ln0" fromId="47" toId="17">
</dataflow>
<dataflow id="146" from="empty_3" to="specinterface_ln0" fromId="76" toId="17">
</dataflow>
<dataflow id="147" from="empty_3" to="specinterface_ln0" fromId="76" toId="17">
</dataflow>
<dataflow id="148" from="StgValue_65" to="specinterface_ln0" fromId="65" toId="17">
</dataflow>
<dataflow id="149" from="StgValue_47" to="specinterface_ln0" fromId="47" toId="17">
</dataflow>
<dataflow id="150" from="StgValue_47" to="specinterface_ln0" fromId="47" toId="17">
</dataflow>
<dataflow id="151" from="_ssdm_op_SpecBitsMap" to="specbitsmap_ln0" fromId="57" toId="18">
</dataflow>
<dataflow id="152" from="c" to="specbitsmap_ln0" fromId="36" toId="18">
</dataflow>
<dataflow id="153" from="_ssdm_op_SpecInterface" to="specinterface_ln0" fromId="60" toId="19">
</dataflow>
<dataflow id="154" from="c" to="specinterface_ln0" fromId="36" toId="19">
</dataflow>
<dataflow id="155" from="empty" to="specinterface_ln0" fromId="63" toId="19">
</dataflow>
<dataflow id="156" from="StgValue_65" to="specinterface_ln0" fromId="65" toId="19">
</dataflow>
<dataflow id="157" from="StgValue_65" to="specinterface_ln0" fromId="65" toId="19">
</dataflow>
<dataflow id="158" from="empty_0" to="specinterface_ln0" fromId="68" toId="19">
</dataflow>
<dataflow id="159" from="StgValue_47" to="specinterface_ln0" fromId="47" toId="19">
</dataflow>
<dataflow id="160" from="StgValue_47" to="specinterface_ln0" fromId="47" toId="19">
</dataflow>
<dataflow id="161" from="empty_1" to="specinterface_ln0" fromId="72" toId="19">
</dataflow>
<dataflow id="163" from="empty_6" to="specinterface_ln0" fromId="162" toId="19">
</dataflow>
<dataflow id="164" from="empty_3" to="specinterface_ln0" fromId="76" toId="19">
</dataflow>
<dataflow id="165" from="StgValue_47" to="specinterface_ln0" fromId="47" toId="19">
</dataflow>
<dataflow id="166" from="StgValue_47" to="specinterface_ln0" fromId="47" toId="19">
</dataflow>
<dataflow id="167" from="StgValue_47" to="specinterface_ln0" fromId="47" toId="19">
</dataflow>
<dataflow id="168" from="StgValue_47" to="specinterface_ln0" fromId="47" toId="19">
</dataflow>
<dataflow id="169" from="empty_3" to="specinterface_ln0" fromId="76" toId="19">
</dataflow>
<dataflow id="170" from="empty_3" to="specinterface_ln0" fromId="76" toId="19">
</dataflow>
<dataflow id="171" from="StgValue_65" to="specinterface_ln0" fromId="65" toId="19">
</dataflow>
<dataflow id="172" from="StgValue_47" to="specinterface_ln0" fromId="47" toId="19">
</dataflow>
<dataflow id="173" from="StgValue_47" to="specinterface_ln0" fromId="47" toId="19">
</dataflow>
<dataflow id="174" from="_ssdm_op_SpecInterface" to="specinterface_ln0" fromId="60" toId="20">
</dataflow>
<dataflow id="175" from="c" to="specinterface_ln0" fromId="36" toId="20">
</dataflow>
<dataflow id="176" from="empty_4" to="specinterface_ln0" fromId="89" toId="20">
</dataflow>
<dataflow id="177" from="StgValue_65" to="specinterface_ln0" fromId="65" toId="20">
</dataflow>
<dataflow id="178" from="StgValue_65" to="specinterface_ln0" fromId="65" toId="20">
</dataflow>
<dataflow id="179" from="empty_3" to="specinterface_ln0" fromId="76" toId="20">
</dataflow>
<dataflow id="180" from="StgValue_47" to="specinterface_ln0" fromId="47" toId="20">
</dataflow>
<dataflow id="181" from="StgValue_47" to="specinterface_ln0" fromId="47" toId="20">
</dataflow>
<dataflow id="182" from="empty_3" to="specinterface_ln0" fromId="76" toId="20">
</dataflow>
<dataflow id="183" from="empty_3" to="specinterface_ln0" fromId="76" toId="20">
</dataflow>
<dataflow id="184" from="empty_3" to="specinterface_ln0" fromId="76" toId="20">
</dataflow>
<dataflow id="185" from="StgValue_47" to="specinterface_ln0" fromId="47" toId="20">
</dataflow>
<dataflow id="186" from="StgValue_47" to="specinterface_ln0" fromId="47" toId="20">
</dataflow>
<dataflow id="187" from="StgValue_47" to="specinterface_ln0" fromId="47" toId="20">
</dataflow>
<dataflow id="188" from="StgValue_47" to="specinterface_ln0" fromId="47" toId="20">
</dataflow>
<dataflow id="189" from="empty_3" to="specinterface_ln0" fromId="76" toId="20">
</dataflow>
<dataflow id="190" from="empty_3" to="specinterface_ln0" fromId="76" toId="20">
</dataflow>
<dataflow id="191" from="StgValue_65" to="specinterface_ln0" fromId="65" toId="20">
</dataflow>
<dataflow id="192" from="StgValue_47" to="specinterface_ln0" fromId="47" toId="20">
</dataflow>
<dataflow id="193" from="StgValue_47" to="specinterface_ln0" fromId="47" toId="20">
</dataflow>
<dataflow id="194" from="_ssdm_op_SpecBitsMap" to="specbitsmap_ln0" fromId="57" toId="21">
</dataflow>
<dataflow id="195" from="instr" to="specbitsmap_ln0" fromId="37" toId="21">
</dataflow>
<dataflow id="196" from="_ssdm_op_SpecInterface" to="specinterface_ln0" fromId="60" toId="22">
</dataflow>
<dataflow id="197" from="instr" to="specinterface_ln0" fromId="37" toId="22">
</dataflow>
<dataflow id="198" from="empty" to="specinterface_ln0" fromId="63" toId="22">
</dataflow>
<dataflow id="199" from="StgValue_65" to="specinterface_ln0" fromId="65" toId="22">
</dataflow>
<dataflow id="200" from="StgValue_65" to="specinterface_ln0" fromId="65" toId="22">
</dataflow>
<dataflow id="201" from="empty_0" to="specinterface_ln0" fromId="68" toId="22">
</dataflow>
<dataflow id="202" from="StgValue_47" to="specinterface_ln0" fromId="47" toId="22">
</dataflow>
<dataflow id="203" from="StgValue_47" to="specinterface_ln0" fromId="47" toId="22">
</dataflow>
<dataflow id="204" from="empty_1" to="specinterface_ln0" fromId="72" toId="22">
</dataflow>
<dataflow id="206" from="empty_7" to="specinterface_ln0" fromId="205" toId="22">
</dataflow>
<dataflow id="207" from="empty_3" to="specinterface_ln0" fromId="76" toId="22">
</dataflow>
<dataflow id="208" from="StgValue_47" to="specinterface_ln0" fromId="47" toId="22">
</dataflow>
<dataflow id="209" from="StgValue_47" to="specinterface_ln0" fromId="47" toId="22">
</dataflow>
<dataflow id="210" from="StgValue_47" to="specinterface_ln0" fromId="47" toId="22">
</dataflow>
<dataflow id="211" from="StgValue_47" to="specinterface_ln0" fromId="47" toId="22">
</dataflow>
<dataflow id="212" from="empty_3" to="specinterface_ln0" fromId="76" toId="22">
</dataflow>
<dataflow id="213" from="empty_3" to="specinterface_ln0" fromId="76" toId="22">
</dataflow>
<dataflow id="214" from="StgValue_65" to="specinterface_ln0" fromId="65" toId="22">
</dataflow>
<dataflow id="215" from="StgValue_47" to="specinterface_ln0" fromId="47" toId="22">
</dataflow>
<dataflow id="216" from="StgValue_47" to="specinterface_ln0" fromId="47" toId="22">
</dataflow>
<dataflow id="217" from="_ssdm_op_SpecInterface" to="specinterface_ln0" fromId="60" toId="23">
</dataflow>
<dataflow id="218" from="instr" to="specinterface_ln0" fromId="37" toId="23">
</dataflow>
<dataflow id="219" from="empty_4" to="specinterface_ln0" fromId="89" toId="23">
</dataflow>
<dataflow id="220" from="StgValue_65" to="specinterface_ln0" fromId="65" toId="23">
</dataflow>
<dataflow id="221" from="StgValue_65" to="specinterface_ln0" fromId="65" toId="23">
</dataflow>
<dataflow id="222" from="empty_3" to="specinterface_ln0" fromId="76" toId="23">
</dataflow>
<dataflow id="223" from="StgValue_47" to="specinterface_ln0" fromId="47" toId="23">
</dataflow>
<dataflow id="224" from="StgValue_47" to="specinterface_ln0" fromId="47" toId="23">
</dataflow>
<dataflow id="225" from="empty_3" to="specinterface_ln0" fromId="76" toId="23">
</dataflow>
<dataflow id="226" from="empty_3" to="specinterface_ln0" fromId="76" toId="23">
</dataflow>
<dataflow id="227" from="empty_3" to="specinterface_ln0" fromId="76" toId="23">
</dataflow>
<dataflow id="228" from="StgValue_47" to="specinterface_ln0" fromId="47" toId="23">
</dataflow>
<dataflow id="229" from="StgValue_47" to="specinterface_ln0" fromId="47" toId="23">
</dataflow>
<dataflow id="230" from="StgValue_47" to="specinterface_ln0" fromId="47" toId="23">
</dataflow>
<dataflow id="231" from="StgValue_47" to="specinterface_ln0" fromId="47" toId="23">
</dataflow>
<dataflow id="232" from="empty_3" to="specinterface_ln0" fromId="76" toId="23">
</dataflow>
<dataflow id="233" from="empty_3" to="specinterface_ln0" fromId="76" toId="23">
</dataflow>
<dataflow id="234" from="StgValue_65" to="specinterface_ln0" fromId="65" toId="23">
</dataflow>
<dataflow id="235" from="StgValue_47" to="specinterface_ln0" fromId="47" toId="23">
</dataflow>
<dataflow id="236" from="StgValue_47" to="specinterface_ln0" fromId="47" toId="23">
</dataflow>
<dataflow id="237" from="_ssdm_op_SpecInterface" to="specinterface_ln0" fromId="60" toId="24">
</dataflow>
<dataflow id="238" from="StgValue_47" to="specinterface_ln0" fromId="47" toId="24">
</dataflow>
<dataflow id="239" from="empty" to="specinterface_ln0" fromId="63" toId="24">
</dataflow>
<dataflow id="240" from="StgValue_47" to="specinterface_ln0" fromId="47" toId="24">
</dataflow>
<dataflow id="241" from="StgValue_47" to="specinterface_ln0" fromId="47" toId="24">
</dataflow>
<dataflow id="242" from="empty_3" to="specinterface_ln0" fromId="76" toId="24">
</dataflow>
<dataflow id="243" from="StgValue_47" to="specinterface_ln0" fromId="47" toId="24">
</dataflow>
<dataflow id="244" from="StgValue_47" to="specinterface_ln0" fromId="47" toId="24">
</dataflow>
<dataflow id="245" from="empty_1" to="specinterface_ln0" fromId="72" toId="24">
</dataflow>
<dataflow id="246" from="empty_3" to="specinterface_ln0" fromId="76" toId="24">
</dataflow>
<dataflow id="247" from="empty_3" to="specinterface_ln0" fromId="76" toId="24">
</dataflow>
<dataflow id="248" from="StgValue_47" to="specinterface_ln0" fromId="47" toId="24">
</dataflow>
<dataflow id="249" from="StgValue_47" to="specinterface_ln0" fromId="47" toId="24">
</dataflow>
<dataflow id="250" from="StgValue_47" to="specinterface_ln0" fromId="47" toId="24">
</dataflow>
<dataflow id="251" from="StgValue_47" to="specinterface_ln0" fromId="47" toId="24">
</dataflow>
<dataflow id="252" from="empty_3" to="specinterface_ln0" fromId="76" toId="24">
</dataflow>
<dataflow id="253" from="empty_3" to="specinterface_ln0" fromId="76" toId="24">
</dataflow>
<dataflow id="254" from="StgValue_65" to="specinterface_ln0" fromId="65" toId="24">
</dataflow>
<dataflow id="255" from="StgValue_47" to="specinterface_ln0" fromId="47" toId="24">
</dataflow>
<dataflow id="256" from="StgValue_47" to="specinterface_ln0" fromId="47" toId="24">
</dataflow>
<dataflow id="257" from="regc" to="regc_load" fromId="38" toId="25">
</dataflow>
<dataflow id="258" from="regc_load" to="add_ln18" fromId="25" toId="26">
</dataflow>
<dataflow id="259" from="mul" to="add_ln18" fromId="10" toId="26">
</dataflow>
<dataflow id="260" from="icmp_ln14" to="storemerge" fromId="8" toId="27">
</dataflow>
<dataflow id="261" from="mul" to="storemerge" fromId="10" toId="27">
</dataflow>
<dataflow id="262" from="add_ln18" to="storemerge" fromId="26" toId="27">
</dataflow>
<dataflow id="263" from="storemerge" to="store_ln15" fromId="27" toId="28">
</dataflow>
<dataflow id="264" from="regc" to="store_ln15" fromId="38" toId="28">
</dataflow>
<dataflow id="266" from="_ssdm_op_Write.s_axilite.i32P0A" to="write_ln21" fromId="265" toId="29">
</dataflow>
<dataflow id="267" from="c" to="write_ln21" fromId="36" toId="29">
</dataflow>
<dataflow id="268" from="storemerge" to="write_ln21" fromId="27" toId="29">
</dataflow>
<dataflow id="269" from="icmp_ln14" to="StgValue_4" fromId="8" toId="4">
</dataflow>
</dataflows>


</stg>
