<profile>

<section name = "Vitis HLS Report for 'axil_macc'" level="0">
<item name = "Date">Mon May  5 16:22:25 2025
</item>
<item name = "Version">2024.1 (Build 5069499 on May 21 2024)</item>
<item name = "Project">axil_macc</item>
<item name = "Solution">hls (Vivado IP Flow Target)</item>
<item name = "Product family">zynq</item>
<item name = "Target device">xc7z010-clg400-1</item>
</section>

<section name = "Performance Estimates" level="0">
<item name = "Timing">
<section name = "" level="1">
<item name = "Summary"><table name="" hasTotal="0">
<keys size="4">Clock, Target, Estimated, Uncertainty</keys>
<column name="ap_clk">10.00 ns, 6.912 ns, 2.70 ns</column>
</table>
</item>
</section>
</item>
<item name = "Latency">
<section name = "" level="1">
<item name = "Summary"><table name="" hasTotal="0">
<keys size="8">, min, max, min, max, min, max, Type</keys>
<column name="">3, 3, 30.000 ns, 30.000 ns, 4, 4, no</column>
</table>
</item>
<item name = "Detail">
<section name = "" level="1">
<item name = "Instance"><table name="" hasTotal="0">
<keys size="9">Instance, Module, min, max, min, max, min, max, Type</keys>
</table>
</item>
<item name = "Loop"><table name="" hasTotal="0">
<keys size="8">Loop Name, min, max, Latency, achieved, target, Count, Pipelined</keys>
</table>
</item>
</section>
</item>
</section>
</item>
</section>

<section name = "Utilization Estimates" level="0">
<item name = "Summary"><table name="" hasTotal="1">
<keys size="6">Name, BRAM_18K, DSP, FF, LUT, URAM</keys>
<column name="DSP">-, -, -, -, -</column>
<column name="Expression">-, -, 0, 110, -</column>
<column name="FIFO">-, -, -, -, -</column>
<column name="Instance">0, 3, 353, 346, -</column>
<column name="Memory">-, -, -, -, -</column>
<column name="Multiplexer">-, -, 0, 25, -</column>
<column name="Register">-, -, 133, -, -</column>
<specialColumn name="Available">120, 80, 35200, 17600, 0</specialColumn>
<specialColumn name="Utilization (%)">0, 3, 1, 2, 0</specialColumn>
</table>
</item>
<item name = "Detail">
<section name = "" level="1">
<item name = "Instance"><table name="" hasTotal="1">
<keys size="7">Instance, Module, BRAM_18K, DSP, FF, LUT, URAM</keys>
<column name="BUS1_s_axi_U">BUS1_s_axi, 0, 0, 188, 296, 0</column>
<column name="mul_32s_32s_32_2_1_U1">mul_32s_32s_32_2_1, 0, 3, 165, 50, 0</column>
</table>
</item>
<item name = "DSP"><table name="" hasTotal="0">
<keys size="3">Instance, Module, Expression</keys>
</table>
</item>
<item name = "Memory"><table name="" hasTotal="1">
<keys size="10">Memory, Module, BRAM_18K, FF, LUT, URAM, Words, Bits, Banks, W*Bits*Banks</keys>
</table>
</item>
<item name = "FIFO"><table name="" hasTotal="1">
<keys size="8">Name, BRAM_18K, FF, LUT, URAM, Depth, Bits, Size:D*B</keys>
</table>
</item>
<item name = "Expression"><table name="" hasTotal="1">
<keys size="7">Variable Name, Operation, DSP, FF, LUT, Bitwidth P0, Bitwidth P1</keys>
<column name="add_ln18_fu_83_p2">+, 0, 0, 39, 32, 32</column>
<column name="icmp_ln14_fu_73_p2">icmp, 0, 0, 39, 32, 1</column>
<column name="c">select, 0, 0, 32, 1, 32</column>
</table>
</item>
<item name = "Multiplexer"><table name="" hasTotal="1">
<keys size="5">Name, LUT, Input Size, Bits, Total Bits</keys>
<column name="ap_NS_fsm">25, 5, 1, 5</column>
</table>
</item>
<item name = "Register"><table name="" hasTotal="1">
<keys size="5">Name, FF, LUT, Bits, Const Bits</keys>
<column name="a_read_reg_101">32, 0, 32, 0</column>
<column name="ap_CS_fsm">4, 0, 4, 0</column>
<column name="b_read_reg_106">32, 0, 32, 0</column>
<column name="icmp_ln14_reg_111">1, 0, 1, 0</column>
<column name="mul_reg_116">32, 0, 32, 0</column>
<column name="regc">32, 0, 32, 0</column>
</table>
</item>
</section>
</item>
</section>

<section name = "Interface" level="0">
<item name = "Summary"><table name="" hasTotal="0">
<keys size="6">RTL Ports, Dir, Bits, Protocol, Source Object, C Type</keys>
<column name="s_axi_BUS1_AWVALID">in, 1, s_axi, BUS1, pointer</column>
<column name="s_axi_BUS1_AWREADY">out, 1, s_axi, BUS1, pointer</column>
<column name="s_axi_BUS1_AWADDR">in, 6, s_axi, BUS1, pointer</column>
<column name="s_axi_BUS1_WVALID">in, 1, s_axi, BUS1, pointer</column>
<column name="s_axi_BUS1_WREADY">out, 1, s_axi, BUS1, pointer</column>
<column name="s_axi_BUS1_WDATA">in, 32, s_axi, BUS1, pointer</column>
<column name="s_axi_BUS1_WSTRB">in, 4, s_axi, BUS1, pointer</column>
<column name="s_axi_BUS1_ARVALID">in, 1, s_axi, BUS1, pointer</column>
<column name="s_axi_BUS1_ARREADY">out, 1, s_axi, BUS1, pointer</column>
<column name="s_axi_BUS1_ARADDR">in, 6, s_axi, BUS1, pointer</column>
<column name="s_axi_BUS1_RVALID">out, 1, s_axi, BUS1, pointer</column>
<column name="s_axi_BUS1_RREADY">in, 1, s_axi, BUS1, pointer</column>
<column name="s_axi_BUS1_RDATA">out, 32, s_axi, BUS1, pointer</column>
<column name="s_axi_BUS1_RRESP">out, 2, s_axi, BUS1, pointer</column>
<column name="s_axi_BUS1_BVALID">out, 1, s_axi, BUS1, pointer</column>
<column name="s_axi_BUS1_BREADY">in, 1, s_axi, BUS1, pointer</column>
<column name="s_axi_BUS1_BRESP">out, 2, s_axi, BUS1, pointer</column>
<column name="ap_clk">in, 1, ap_ctrl_hs, axil_macc, return value</column>
<column name="ap_rst_n">in, 1, ap_ctrl_hs, axil_macc, return value</column>
<column name="interrupt">out, 1, ap_ctrl_hs, axil_macc, return value</column>
</table>
</item>
</section>
</profile>
