<?xml version="1.0" encoding="ISO-8859-1"?>
<staticProfResults:Results xmlns:staticProfResults="staticProfResults" xmlns:xsi="http://www.w3.org/2001/XMLSchema-instance" ProfileMemoryAccess="true">
<TracingVersion>5</TracingVersion>

<DataType ID="0" Name="void"/>
<DataType ID="1" Name="bool"/>
<DataType ID="2" Name="char"/>
<DataType ID="3" Name="short"/>
<DataType ID="4" Name="int"/>
<DataType ID="5" Name="long"/>
<DataType ID="6" Name="float"/>
<DataType ID="7" Name="double"/>
<DataType ID="8" Name="pointer"/>
<DataType ID="9" Name="reference"/>
<DataType ID="10" Name="array"/>
<DataType ID="11" Name="vector"/>
<DataType ID="12" Name="struct"/>
<DataType ID="13" Name="union"/>
<DataType ID="14" Name="enum"/>
<DataType ID="15" Name="function"/>
<DataType ID="16" Name="label"/>
<DataType ID="17" Name="long double"/>
<DataType ID="18" Name="unsupported"/><UserDataType ID="0" xsi:type="staticProfResults:DataTypeType">
<DisplayName>Unsupported</DisplayName>
</UserDataType>
<UserDataType ID="1" xsi:type="staticProfResults:ImplementationType" >
<DisplayName>void</DisplayName>
<LLVMTypeID>0</LLVMTypeID>
</UserDataType>
<UserDataType ID="2" xsi:type="staticProfResults:ArrayType" >
<DisplayName></DisplayName>
<LLVMTypeID>10</LLVMTypeID>
<Size>40</Size>
<ElementTypeID>3</ElementTypeID>
<Dimension Index="0" Count="10"/>
</UserDataType>
<UserDataType ID="3" xsi:type="staticProfResults:NumberType" >
<DisplayName>int</DisplayName>
<LLVMTypeID>4</LLVMTypeID>
<Size>4</Size>
<BitSize>32</BitSize>
<IsSigned>true</IsSigned>
</UserDataType>
<UserDataType ID="4" xsi:type="staticProfResults:PointerType" >
<DisplayName></DisplayName>
<LLVMTypeID>8</LLVMTypeID>
<Size>8</Size>
<RefTypeID>3</RefTypeID>
</UserDataType>
<UserDataType ID="5" xsi:type="staticProfResults:PointerType" >
<DisplayName></DisplayName>
<LLVMTypeID>8</LLVMTypeID>
<Size>8</Size>
<RefTypeID>6</RefTypeID>
</UserDataType>
<UserDataType ID="6" xsi:type="staticProfResults:NumberType" >
<DisplayName>char</DisplayName>
<LLVMTypeID>2</LLVMTypeID>
<Size>1</Size>
<BitSize>8</BitSize>
<IsSigned>true</IsSigned>
</UserDataType>
<UserDataType ID="7" xsi:type="staticProfResults:TypedefType" >
<DisplayName>__builtin_va_list</DisplayName>
<Location>
<File>2</File>
<Line>0</Line>
</Location>
<OfTypeID>8</OfTypeID>
</UserDataType>
<UserDataType ID="8" xsi:type="staticProfResults:PointerType" >
<DisplayName></DisplayName>
<LLVMTypeID>8</LLVMTypeID>
<Size>8</Size>
<RefTypeID>6</RefTypeID>
</UserDataType>
<UserDataType ID="9" xsi:type="staticProfResults:PointerType" >
<DisplayName></DisplayName>
<LLVMTypeID>8</LLVMTypeID>
<Size>0</Size>
<RefTypeID>1</RefTypeID>
</UserDataType>

<File ID="0">
  <Name>unknown</Name>
</File>
<File ID="1">
  <Name>intrinsic</Name>
</File>
<File ID="2">
  <Name>..\..\axilite_macc_files\HLS\tb_axil_macc.cpp</Name>
</File>
<File ID="3">
  <Name>..\..\..\..\..\..\..\..\Xilinx\Vitis_HLS\2024.1\tps\mingw\10.0.0\win64.o\nt\x86_64-w64-mingw32\include\stdio.h</Name>
</File>
<File ID="4">
  <Name>..\..\axilite_macc_files\HLS\axil_macc.cpp</Name>
</File>
<GlobalVariable CuFile="4" DeclaredInFn="209" File="4" IsConstant="false" IsThreadLocal="false" IsZeroInit="true" Line="9" Name="_ZZ9axil_maccPiS_S_S_E4regc" NameAsWritten="regc" Size="4" Type="3" global_id="5" isDeclaration="false"/>
<GlobalVariable CuFile="2" File="2" IsConstant="false" IsThreadLocal="false" IsZeroInit="true" Line="6" Name="_ZL2v1" NameAsWritten="v1" Size="40" Type="2" global_id="1" isDeclaration="false"/>
<GlobalVariable CuFile="2" File="2" IsConstant="false" IsThreadLocal="false" IsZeroInit="true" Line="7" Name="_ZL2v2" NameAsWritten="v2" Size="40" Type="2" global_id="2" isDeclaration="false"/>
<GlobalVariable CuFile="2" File="2" IsConstant="false" IsThreadLocal="false" IsZeroInit="true" Line="8" Name="_ZL6vdotp1" NameAsWritten="vdotp1" Size="4" Type="3" global_id="3" isDeclaration="false"/>
<GlobalVariable CuFile="2" File="2" IsConstant="false" IsThreadLocal="false" IsZeroInit="true" Line="8" Name="_ZL6vdotp2" NameAsWritten="vdotp2" Size="4" Type="3" global_id="4" isDeclaration="false"/>
<function global_id="200" Name="_Z9init_vecsv" File="2" CUFile="2" arguments="0" HasArtificialBody="false" HasArtificialDeclaration="false" SIMDInstructionsPercentage="0" FullyQualifiedName="init_vecs" DisplayName="init_vecs" isDeclaration="false">
<BBData ID="0" Name="entry" RegionId="0" IsLoopHeader="false" IsFunctionExit="false">
<Successor>1</Successor>
<FirstStmtId>1</FirstStmtId>
<LastStmtId>6</LastStmtId>
<LocalVariable ArgNumber="0" DeclaredElementCount="0" File="2" InstrId="1" IsArtificial="false" IsConstant="false" Line="14" LocalIdInFunc="0" MayBeAliased="false" Name="i" Size="4" Type="3" global_id="6"/>
<TraceRecord Type="0" Mark="4"  StmtID="5"  Line="16" StaticOnly="true"  MemAddressType="3" RW="1"  Size="4"  PtrUID="6"  VarUID="6" Offset="0" />
<TraceRecord Type="6" Mark="1"  StmtID="6"  Line="16"  DestBB="1"/>
<SourceRange BeginLine="14" BeginColumn="2" EndLine="16" EndColumn="9"/>
</BBData>
<BBData ID="1" Name="for.cond" RegionId="1" IsLoopHeader="true" IsFunctionExit="false">
<Predecessor>3</Predecessor>
<Predecessor>0</Predecessor>
<Successor>2</Successor>
<Successor>4</Successor>
<FirstStmtId>7</FirstStmtId>
<LastStmtId>10</LastStmtId>
<TraceRecord Type="0" Mark="4"  StmtID="8"  Line="16" StaticOnly="true"  MemAddressType="3" RW="0"  Size="4"  PtrUID="6"  VarUID="6" Offset="0" />
<TraceRecord Type="6" Mark="48"  StmtID="10"  Line="16"  DestBB="4" OtherBB="2"  Size="11"/>
<SourceRange BeginLine="16" BeginColumn="2" EndLine="16" EndColumn="9"/>
</BBData>
<BBData ID="2" Name="for.body" RegionId="1" IsLoopHeader="false" IsFunctionExit="false">
<Predecessor>1</Predecessor>
<Successor>3</Successor>
<FirstStmtId>11</FirstStmtId>
<LastStmtId>29</LastStmtId>
<TraceRecord Type="4" Mark="0"  StmtID="14"  Line="18" StaticOnly="true"  FuncCall="201" hasFrame="true"/>
<TraceRecord Type="0" Mark="4"  StmtID="17"  Line="18" StaticOnly="true"  MemAddressType="3" RW="0"  Size="4"  PtrUID="6"  VarUID="6" Offset="0" />
<TraceRecord Type="0" Mark="4"  StmtID="20"  Line="18"  MemAddressType="4" RW="1"  Size="4"  PtrUID="1"  VarUID="1">
<AffineLoopExpression Constant="0">
<Coefficient RegionID="1" RegionNestingDifference="0" Value="4"/>
</AffineLoopExpression>
</TraceRecord>
<TraceRecord Type="4" Mark="0"  StmtID="22"  Line="19" StaticOnly="true"  FuncCall="201" hasFrame="true"/>
<TraceRecord Type="0" Mark="4"  StmtID="25"  Line="19" StaticOnly="true"  MemAddressType="3" RW="0"  Size="4"  PtrUID="6"  VarUID="6" Offset="0" />
<TraceRecord Type="0" Mark="4"  StmtID="28"  Line="19"  MemAddressType="4" RW="1"  Size="4"  PtrUID="2"  VarUID="2">
<AffineLoopExpression Constant="0">
<Coefficient RegionID="1" RegionNestingDifference="0" Value="4"/>
</AffineLoopExpression>
</TraceRecord>
<TraceRecord Type="6" Mark="1"  StmtID="29"  Line="20"  DestBB="3"/>
<SourceRange BeginLine="18" BeginColumn="3" EndLine="20" EndColumn="2"/>
</BBData>
<BBData ID="3" Name="for.inc" RegionId="1" IsLoopHeader="false" IsFunctionExit="false">
<Predecessor>2</Predecessor>
<Successor>1</Successor>
<FirstStmtId>30</FirstStmtId>
<LastStmtId>34</LastStmtId>
<TraceRecord Type="0" Mark="4"  StmtID="31"  Line="16" StaticOnly="true"  MemAddressType="3" RW="0"  Size="4"  PtrUID="6"  VarUID="6" Offset="0" />
<TraceRecord Type="0" Mark="4"  StmtID="33"  Line="16" StaticOnly="true"  MemAddressType="3" RW="1"  Size="4"  PtrUID="6"  VarUID="6" Offset="0" />
<TraceRecord Type="6" Mark="1"  StmtID="34"  Line="16"  DestBB="1"/>
<SourceRange BeginLine="16" BeginColumn="24" EndLine="16" EndColumn="25"/>
</BBData>
<BBData ID="4" Name="for.end" RegionId="0" IsLoopHeader="false" IsFunctionExit="true">
<Predecessor>1</Predecessor>
<FirstStmtId>35</FirstStmtId>
<LastStmtId>37</LastStmtId>
<SourceRange BeginLine="16" BeginColumn="24" EndLine="16" EndColumn="25"/>
</BBData>
<Region ID="0" Boundary="1" Parent="0" LoopId="0" Header="0" HasBlockSchema="true" Kind="Function">
<SourceRange BeginLine="12" BeginColumn="0" EndLine="20" EndColumn="2"/>
</Region>
<Region ID="1" Boundary="1" Parent="0" LoopId="1" Header="1" HasBlockSchema="true" Kind="Loop" UpperBoundHeaderCount="11">
<ExitBlock>4</ExitBlock>
<InductionVar VarId="6" InitialValue="0" IncrementStep="1" IsDefinitelyMonotonic="true" IsLoopControlVar="true" IncrComputeInstrId="32"/>
<SourceRange BeginLine="16" BeginColumn="2" EndLine="20" EndColumn="2"/>
</Region>
<SourceRange BeginLine="12" BeginColumn="0" EndLine="20" EndColumn="2"/>
</function>
<function global_id="201" Name="rand" File="0" CUFile="0" arguments="0" HasArtificialBody="false" HasArtificialDeclaration="false" SIMDInstructionsPercentage="0" FullyQualifiedName="rand" isDeclaration="true">
<SourceRange BeginLine="0" BeginColumn="0" EndLine="0" EndColumn="0"/>
</function>
<function global_id="202" Name="_Z9print_vecPi" File="2" CUFile="2" arguments="1" HasArtificialBody="false" HasArtificialDeclaration="false" SIMDInstructionsPercentage="0" FullyQualifiedName="print_vec" DisplayName="print_vec" isDeclaration="false">
<BBData ID="0" Name="entry" RegionId="0" IsLoopHeader="false" IsFunctionExit="false">
<Successor>1</Successor>
<FirstStmtId>38</FirstStmtId>
<LastStmtId>46</LastStmtId>
<LocalVariable ArgNumber="1" DeclaredElementCount="0" File="2" InstrId="38" IsArtificial="false" IsConstant="false" Line="23" LlvmArgNumber="0" LocalIdInFunc="0" MayBeAliased="false" MayPointeeBeAliasedFurther="false" Name="x" Size="8" Type="4" global_id="7"/>
<LocalVariable ArgNumber="0" DeclaredElementCount="0" File="2" InstrId="39" IsArtificial="false" IsConstant="false" Line="25" LocalIdInFunc="1" MayBeAliased="false" Name="i" Size="4" Type="3" global_id="8"/>
<TraceRecord Type="6" Mark="44"  StmtID="40"  Line="23" StaticOnly="true" SymUID="0" ArgumentAsAddress="0"/>
<TraceRecord Type="0" Mark="4"  StmtID="40"  Line="23" StaticOnly="true"  MemAddressType="3" RW="1"  Size="8"  PtrUID="7"  VarUID="7" Offset="0" />
<TraceRecord Type="0" Mark="4"  StmtID="45"  Line="26" StaticOnly="true"  MemAddressType="3" RW="1"  Size="4"  PtrUID="8"  VarUID="8" Offset="0" />
<TraceRecord Type="6" Mark="1"  StmtID="46"  Line="26"  DestBB="1"/>
<SourceRange BeginLine="23" BeginColumn="0" EndLine="26" EndColumn="9"/>
</BBData>
<BBData ID="1" Name="for.cond" RegionId="1" IsLoopHeader="true" IsFunctionExit="false">
<Predecessor>3</Predecessor>
<Predecessor>0</Predecessor>
<Successor>2</Successor>
<Successor>4</Successor>
<FirstStmtId>47</FirstStmtId>
<LastStmtId>50</LastStmtId>
<TraceRecord Type="0" Mark="4"  StmtID="48"  Line="26" StaticOnly="true"  MemAddressType="3" RW="0"  Size="4"  PtrUID="8"  VarUID="8" Offset="0" />
<TraceRecord Type="6" Mark="48"  StmtID="50"  Line="26"  DestBB="4" OtherBB="2"  Size="11"/>
<SourceRange BeginLine="26" BeginColumn="2" EndLine="26" EndColumn="9"/>
</BBData>
<BBData ID="2" Name="for.body" RegionId="1" IsLoopHeader="false" IsFunctionExit="false">
<Predecessor>1</Predecessor>
<Successor>3</Successor>
<FirstStmtId>51</FirstStmtId>
<LastStmtId>59</LastStmtId>
<TraceRecord Type="0" Mark="4"  StmtID="53"  Line="27" StaticOnly="true"  MemAddressType="3" RW="0"  Size="8"  PtrUID="7"  VarUID="7" Offset="0" />
<TraceRecord Type="0" Mark="4"  StmtID="54"  Line="27" StaticOnly="true"  MemAddressType="3" RW="0"  Size="4"  PtrUID="8"  VarUID="8" Offset="0" />
<TraceRecord Type="0" Mark="4"  StmtID="57"  Line="27"  MemAddressType="2" RW="0"  Size="4"  PtrUID="7"  SymUID="0" >
<AffineLoopExpression Constant="0">
<Coefficient RegionID="1" RegionNestingDifference="0" Value="4"/>
</AffineLoopExpression>
</TraceRecord>
<TraceRecord Type="4" Mark="0"  StmtID="58"  Line="27" StaticOnly="true"  FuncCall="203" hasFrame="true">
<ArgumentAddress Index="0" MemAddressType="1"/>
</TraceRecord>
<TraceRecord Type="6" Mark="1"  StmtID="59"  Line="28"  DestBB="3"/>
<SourceRange BeginLine="27" BeginColumn="6" EndLine="28" EndColumn="2"/>
</BBData>
<BBData ID="3" Name="for.inc" RegionId="1" IsLoopHeader="false" IsFunctionExit="false">
<Predecessor>2</Predecessor>
<Successor>1</Successor>
<FirstStmtId>60</FirstStmtId>
<LastStmtId>64</LastStmtId>
<TraceRecord Type="0" Mark="4"  StmtID="61"  Line="26" StaticOnly="true"  MemAddressType="3" RW="0"  Size="4"  PtrUID="8"  VarUID="8" Offset="0" />
<TraceRecord Type="0" Mark="4"  StmtID="63"  Line="26" StaticOnly="true"  MemAddressType="3" RW="1"  Size="4"  PtrUID="8"  VarUID="8" Offset="0" />
<TraceRecord Type="6" Mark="1"  StmtID="64"  Line="26"  DestBB="1"/>
<SourceRange BeginLine="26" BeginColumn="24" EndLine="26" EndColumn="25"/>
</BBData>
<BBData ID="4" Name="for.end" RegionId="0" IsLoopHeader="false" IsFunctionExit="true">
<Predecessor>1</Predecessor>
<FirstStmtId>65</FirstStmtId>
<LastStmtId>69</LastStmtId>
<TraceRecord Type="4" Mark="0"  StmtID="67"  Line="29" StaticOnly="true"  FuncCall="203" hasFrame="true">
<ArgumentAddress Index="0" MemAddressType="1"/>
</TraceRecord>
<SourceRange BeginLine="29" BeginColumn="2" EndLine="29" EndColumn="13"/>
</BBData>
<Region ID="0" Boundary="1" Parent="0" LoopId="0" Header="0" HasBlockSchema="true" Kind="Function">
<SourceRange BeginLine="23" BeginColumn="0" EndLine="29" EndColumn="13"/>
</Region>
<Region ID="1" Boundary="1" Parent="0" LoopId="2" Header="1" HasBlockSchema="true" Kind="Loop" UpperBoundHeaderCount="11">
<ExitBlock>4</ExitBlock>
<InductionVar VarId="8" InitialValue="0" IncrementStep="1" IsDefinitelyMonotonic="true" IsLoopControlVar="true" IncrComputeInstrId="62"/>
<SourceRange BeginLine="26" BeginColumn="2" EndLine="28" EndColumn="2"/>
</Region>
<SourceRange BeginLine="23" BeginColumn="0" EndLine="29" EndColumn="13"/>
</function>
<function global_id="203" Name="_Z6printfPKcz" File="3" CUFile="2" arguments="1" HasArtificialBody="false" HasArtificialDeclaration="false" SIMDInstructionsPercentage="0" FullyQualifiedName="printf" DisplayName="printf" isDeclaration="false">
<BBData ID="0" Name="entry" RegionId="0" IsLoopHeader="false" IsFunctionExit="true">
<FirstStmtId>70</FirstStmtId>
<LastStmtId>87</LastStmtId>
<LocalVariable ArgNumber="1" DeclaredElementCount="0" File="3" InstrId="70" IsArtificial="false" IsConstant="false" Line="368" LlvmArgNumber="0" LocalIdInFunc="0" MayBeAliased="false" MayPointeeBeAliasedFurther="true" Name="__format" Size="8" Type="5" global_id="9"/>
<LocalVariable ArgNumber="0" DeclaredElementCount="0" File="3" InstrId="71" IsArtificial="false" IsConstant="false" Line="370" LocalIdInFunc="1" MayBeAliased="false" Name="__retval" Size="4" Type="3" global_id="10"/>
<LocalVariable ArgNumber="0" DeclaredElementCount="0" File="3" InstrId="72" IsArtificial="false" IsConstant="false" Line="371" LocalIdInFunc="2" MayBeAliased="true" MayPointeeBeAliasedFurther="true" Name="__local_argv" Size="8" Type="7" global_id="11"/>
<TraceRecord Type="6" Mark="44"  StmtID="73"  Line="368" StaticOnly="true" SymUID="1" ArgumentAsAddress="0"/>
<TraceRecord Type="0" Mark="4"  StmtID="73"  Line="368" StaticOnly="true"  MemAddressType="3" RW="1"  Size="8"  PtrUID="9"  VarUID="9" Offset="0" />
<TraceRecord Type="4" Mark="0"  StmtID="78"  Line="371" StaticOnly="true"  FuncCall="210" hasFrame="true">
<ArgumentAddress Index="0" VarUID="11" Offset="0" MemAddressType="3"/>
</TraceRecord>
<TraceRecord Type="4" Mark="0"  StmtID="79"  Line="372" StaticOnly="true"  FuncCall="204" hasFrame="true"/>
<TraceRecord Type="0" Mark="4"  StmtID="80"  Line="372" StaticOnly="true"  MemAddressType="3" RW="0"  Size="8"  PtrUID="9"  VarUID="9" Offset="0" />
<TraceRecord Type="0" Mark="4"  StmtID="81"  Line="372" StaticOnly="true"  MemAddressType="3" RW="0"  Size="8"  PtrUID="11"  VarUID="11" Offset="0" />
<TraceRecord Type="4" Mark="0"  StmtID="82"  Line="372" StaticOnly="true"  FuncCall="205" hasFrame="true">
<ArgumentAddress Index="0" MemAddressType="1"/>
<ArgumentAddress Index="1" SymUID="1" Offset="0" MemAddressType="2"/>
<ArgumentAddress Index="2" MemAddressType="1"/>
</TraceRecord>
<TraceRecord Type="0" Mark="4"  StmtID="83"  Line="372" StaticOnly="true"  MemAddressType="3" RW="1"  Size="4"  PtrUID="10"  VarUID="10" Offset="0" />
<TraceRecord Type="4" Mark="0"  StmtID="85"  Line="373" StaticOnly="true"  FuncCall="211" hasFrame="true">
<ArgumentAddress Index="0" VarUID="11" Offset="0" MemAddressType="3"/>
</TraceRecord>
<TraceRecord Type="0" Mark="4"  StmtID="86"  Line="374" StaticOnly="true"  MemAddressType="3" RW="0"  Size="4"  PtrUID="10"  VarUID="10" Offset="0" />
<SourceRange BeginLine="368" BeginColumn="0" EndLine="374" EndColumn="10"/>
</BBData>
<Region ID="0" Boundary="0" Parent="0" LoopId="0" Header="0" HasBlockSchema="true" Kind="Function">
<SourceRange BeginLine="368" BeginColumn="0" EndLine="374" EndColumn="10"/>
</Region>
<SourceRange BeginLine="368" BeginColumn="0" EndLine="374" EndColumn="10"/>
</function>
<function global_id="204" Name="__acrt_iob_func" File="0" CUFile="0" arguments="1" HasArtificialBody="false" HasArtificialDeclaration="false" SIMDInstructionsPercentage="0" FullyQualifiedName="__acrt_iob_func" isDeclaration="true">
<SourceRange BeginLine="0" BeginColumn="0" EndLine="0" EndColumn="0"/>
</function>
<function global_id="205" Name="__mingw_vfprintf" File="0" CUFile="0" arguments="3" HasArtificialBody="false" HasArtificialDeclaration="false" SIMDInstructionsPercentage="0" FullyQualifiedName="__mingw_vfprintf" isDeclaration="true">
<SourceRange BeginLine="0" BeginColumn="0" EndLine="0" EndColumn="0"/>
</function>
<function global_id="206" Name="_Z14SW_dot_productv" File="2" CUFile="2" arguments="0" HasArtificialBody="false" HasArtificialDeclaration="false" SIMDInstructionsPercentage="0" FullyQualifiedName="SW_dot_product" DisplayName="SW_dot_product" isDeclaration="false">
<BBData ID="0" Name="entry" RegionId="0" IsLoopHeader="false" IsFunctionExit="false">
<Successor>1</Successor>
<FirstStmtId>88</FirstStmtId>
<LastStmtId>94</LastStmtId>
<LocalVariable ArgNumber="0" DeclaredElementCount="0" File="2" InstrId="88" IsArtificial="false" IsConstant="false" Line="34" LocalIdInFunc="0" MayBeAliased="false" Name="i" Size="4" Type="3" global_id="12"/>
<TraceRecord Type="0" Mark="4"  StmtID="92"  Line="35" StaticOnly="true"  MemAddressType="4" RW="1"  Size="4"  PtrUID="3"  VarUID="3" Offset="0" />
<TraceRecord Type="0" Mark="4"  StmtID="93"  Line="35" StaticOnly="true"  MemAddressType="3" RW="1"  Size="4"  PtrUID="12"  VarUID="12" Offset="0" />
<TraceRecord Type="6" Mark="1"  StmtID="94"  Line="35"  DestBB="1"/>
<SourceRange BeginLine="34" BeginColumn="2" EndLine="35" EndColumn="19"/>
</BBData>
<BBData ID="1" Name="for.cond" RegionId="1" IsLoopHeader="true" IsFunctionExit="false">
<Predecessor>3</Predecessor>
<Predecessor>0</Predecessor>
<Successor>2</Successor>
<Successor>4</Successor>
<FirstStmtId>95</FirstStmtId>
<LastStmtId>98</LastStmtId>
<TraceRecord Type="0" Mark="4"  StmtID="96"  Line="35" StaticOnly="true"  MemAddressType="3" RW="0"  Size="4"  PtrUID="12"  VarUID="12" Offset="0" />
<TraceRecord Type="6" Mark="48"  StmtID="98"  Line="35"  DestBB="4" OtherBB="2"  Size="11"/>
<SourceRange BeginLine="35" BeginColumn="2" EndLine="35" EndColumn="19"/>
</BBData>
<BBData ID="2" Name="for.body" RegionId="1" IsLoopHeader="false" IsFunctionExit="false">
<Predecessor>1</Predecessor>
<Successor>3</Successor>
<FirstStmtId>99</FirstStmtId>
<LastStmtId>113</LastStmtId>
<TraceRecord Type="0" Mark="4"  StmtID="101"  Line="36" StaticOnly="true"  MemAddressType="3" RW="0"  Size="4"  PtrUID="12"  VarUID="12" Offset="0" />
<TraceRecord Type="0" Mark="4"  StmtID="104"  Line="36"  MemAddressType="4" RW="0"  Size="4"  PtrUID="1"  VarUID="1">
<AffineLoopExpression Constant="0">
<Coefficient RegionID="1" RegionNestingDifference="0" Value="4"/>
</AffineLoopExpression>
</TraceRecord>
<TraceRecord Type="0" Mark="4"  StmtID="105"  Line="36" StaticOnly="true"  MemAddressType="3" RW="0"  Size="4"  PtrUID="12"  VarUID="12" Offset="0" />
<TraceRecord Type="0" Mark="4"  StmtID="108"  Line="36"  MemAddressType="4" RW="0"  Size="4"  PtrUID="2"  VarUID="2">
<AffineLoopExpression Constant="0">
<Coefficient RegionID="1" RegionNestingDifference="0" Value="4"/>
</AffineLoopExpression>
</TraceRecord>
<TraceRecord Type="0" Mark="4"  StmtID="110"  Line="36" StaticOnly="true"  MemAddressType="4" RW="0"  Size="4"  PtrUID="3"  VarUID="3" Offset="0" />
<TraceRecord Type="0" Mark="4"  StmtID="112"  Line="36" StaticOnly="true"  MemAddressType="4" RW="1"  Size="4"  PtrUID="3"  VarUID="3" Offset="0" />
<TraceRecord Type="6" Mark="1"  StmtID="113"  Line="37"  DestBB="3"/>
<SourceRange BeginLine="36" BeginColumn="3" EndLine="37" EndColumn="2"/>
</BBData>
<BBData ID="3" Name="for.inc" RegionId="1" IsLoopHeader="false" IsFunctionExit="false">
<Predecessor>2</Predecessor>
<Successor>1</Successor>
<FirstStmtId>114</FirstStmtId>
<LastStmtId>118</LastStmtId>
<TraceRecord Type="0" Mark="4"  StmtID="115"  Line="35" StaticOnly="true"  MemAddressType="3" RW="0"  Size="4"  PtrUID="12"  VarUID="12" Offset="0" />
<TraceRecord Type="0" Mark="4"  StmtID="117"  Line="35" StaticOnly="true"  MemAddressType="3" RW="1"  Size="4"  PtrUID="12"  VarUID="12" Offset="0" />
<TraceRecord Type="6" Mark="1"  StmtID="118"  Line="35"  DestBB="1"/>
<SourceRange BeginLine="35" BeginColumn="34" EndLine="35" EndColumn="35"/>
</BBData>
<BBData ID="4" Name="for.end" RegionId="0" IsLoopHeader="false" IsFunctionExit="true">
<Predecessor>1</Predecessor>
<FirstStmtId>119</FirstStmtId>
<LastStmtId>124</LastStmtId>
<TraceRecord Type="0" Mark="4"  StmtID="121"  Line="38" StaticOnly="true"  MemAddressType="4" RW="0"  Size="4"  PtrUID="3"  VarUID="3" Offset="0" />
<TraceRecord Type="4" Mark="0"  StmtID="122"  Line="38" StaticOnly="true"  FuncCall="203" hasFrame="true">
<ArgumentAddress Index="0" MemAddressType="1"/>
</TraceRecord>
<SourceRange BeginLine="38" BeginColumn="2" EndLine="38" EndColumn="42"/>
</BBData>
<Region ID="0" Boundary="1" Parent="0" LoopId="0" Header="0" HasBlockSchema="true" Kind="Function">
<SourceRange BeginLine="32" BeginColumn="0" EndLine="38" EndColumn="42"/>
</Region>
<Region ID="1" Boundary="1" Parent="0" LoopId="3" Header="1" HasBlockSchema="true" Kind="Loop" UpperBoundHeaderCount="11">
<ExitBlock>4</ExitBlock>
<InductionVar VarId="12" InitialValue="0" IncrementStep="1" IsDefinitelyMonotonic="true" IsLoopControlVar="true" IncrComputeInstrId="116"/>
<SourceRange BeginLine="35" BeginColumn="2" EndLine="37" EndColumn="2"/>
</Region>
<SourceRange BeginLine="32" BeginColumn="0" EndLine="38" EndColumn="42"/>
</function>
<function global_id="207" Name="_Z23simul_HW_SW_dot_productv" File="2" CUFile="2" arguments="0" HasArtificialBody="false" HasArtificialDeclaration="false" SIMDInstructionsPercentage="0" FullyQualifiedName="simul_HW_SW_dot_product" DisplayName="simul_HW_SW_dot_product" isDeclaration="false">
<BBData ID="0" Name="entry" RegionId="0" IsLoopHeader="false" IsFunctionExit="false">
<Successor>1</Successor>
<FirstStmtId>125</FirstStmtId>
<LastStmtId>138</LastStmtId>
<LocalVariable ArgNumber="0" DeclaredElementCount="0" File="2" InstrId="125" IsArtificial="false" IsConstant="false" Line="43" LocalIdInFunc="0" MayBeAliased="false" Name="i" Size="4" Type="3" global_id="13"/>
<LocalVariable ArgNumber="0" DeclaredElementCount="0" File="2" InstrId="126" IsArtificial="false" IsConstant="false" Line="44" LocalIdInFunc="1" MayBeAliased="true" Name="a" Size="4" Type="3" global_id="14"/>
<LocalVariable ArgNumber="0" DeclaredElementCount="0" File="2" InstrId="127" IsArtificial="false" IsConstant="false" Line="44" LocalIdInFunc="2" MayBeAliased="true" Name="b" Size="4" Type="3" global_id="15"/>
<LocalVariable ArgNumber="0" DeclaredElementCount="0" File="2" InstrId="128" IsArtificial="false" IsConstant="false" Line="44" LocalIdInFunc="3" MayBeAliased="true" Name="c" Size="4" Type="3" global_id="16"/>
<LocalVariable ArgNumber="0" DeclaredElementCount="0" File="2" InstrId="129" IsArtificial="false" IsConstant="false" Line="44" LocalIdInFunc="4" MayBeAliased="true" Name="instr" Size="4" Type="3" global_id="17"/>
<TraceRecord Type="0" Mark="4"  StmtID="137"  Line="46" StaticOnly="true"  MemAddressType="3" RW="1"  Size="4"  PtrUID="13"  VarUID="13" Offset="0" />
<TraceRecord Type="6" Mark="1"  StmtID="138"  Line="46"  DestBB="1"/>
<SourceRange BeginLine="43" BeginColumn="2" EndLine="46" EndColumn="9"/>
</BBData>
<BBData ID="1" Name="for.cond" RegionId="1" IsLoopHeader="true" IsFunctionExit="false">
<Predecessor>3</Predecessor>
<Predecessor>0</Predecessor>
<Successor>2</Successor>
<Successor>4</Successor>
<FirstStmtId>139</FirstStmtId>
<LastStmtId>142</LastStmtId>
<TraceRecord Type="0" Mark="4"  StmtID="140"  Line="46" StaticOnly="true"  MemAddressType="3" RW="0"  Size="4"  PtrUID="13"  VarUID="13" Offset="0" />
<TraceRecord Type="6" Mark="48"  StmtID="142"  Line="46"  DestBB="4" OtherBB="2"  Size="11"/>
<SourceRange BeginLine="46" BeginColumn="2" EndLine="46" EndColumn="9"/>
</BBData>
<BBData ID="2" Name="for.body" RegionId="1" IsLoopHeader="false" IsFunctionExit="false">
<Predecessor>1</Predecessor>
<Successor>3</Successor>
<FirstStmtId>143</FirstStmtId>
<LastStmtId>159</LastStmtId>
<TraceRecord Type="0" Mark="4"  StmtID="145"  Line="47" StaticOnly="true"  MemAddressType="3" RW="0"  Size="4"  PtrUID="13"  VarUID="13" Offset="0" />
<TraceRecord Type="0" Mark="4"  StmtID="148"  Line="47"  MemAddressType="4" RW="0"  Size="4"  PtrUID="1"  VarUID="1">
<AffineLoopExpression Constant="0">
<Coefficient RegionID="1" RegionNestingDifference="0" Value="4"/>
</AffineLoopExpression>
</TraceRecord>
<TraceRecord Type="0" Mark="4"  StmtID="149"  Line="47" StaticOnly="true"  MemAddressType="3" RW="1"  Size="4"  PtrUID="14"  VarUID="14" Offset="0" />
<TraceRecord Type="0" Mark="4"  StmtID="150"  Line="48" StaticOnly="true"  MemAddressType="3" RW="0"  Size="4"  PtrUID="13"  VarUID="13" Offset="0" />
<TraceRecord Type="0" Mark="4"  StmtID="153"  Line="48"  MemAddressType="4" RW="0"  Size="4"  PtrUID="2"  VarUID="2">
<AffineLoopExpression Constant="0">
<Coefficient RegionID="1" RegionNestingDifference="0" Value="4"/>
</AffineLoopExpression>
</TraceRecord>
<TraceRecord Type="0" Mark="4"  StmtID="154"  Line="48" StaticOnly="true"  MemAddressType="3" RW="1"  Size="4"  PtrUID="15"  VarUID="15" Offset="0" />
<TraceRecord Type="0" Mark="4"  StmtID="155"  Line="49" StaticOnly="true"  MemAddressType="3" RW="0"  Size="4"  PtrUID="13"  VarUID="13" Offset="0" />
<TraceRecord Type="0" Mark="4"  StmtID="156"  Line="49" StaticOnly="true"  MemAddressType="3" RW="1"  Size="4"  PtrUID="17"  VarUID="17" Offset="0" />
<TraceRecord Type="4" Mark="0"  StmtID="158"  Line="50" StaticOnly="true"  FuncCall="209" hasFrame="true">
<ArgumentAddress Index="0" VarUID="14" Offset="0" MemAddressType="3"/>
<ArgumentAddress Index="1" VarUID="15" Offset="0" MemAddressType="3"/>
<ArgumentAddress Index="2" VarUID="16" Offset="0" MemAddressType="3"/>
<ArgumentAddress Index="3" VarUID="17" Offset="0" MemAddressType="3"/>
</TraceRecord>
<TraceRecord Type="6" Mark="1"  StmtID="159"  Line="51"  DestBB="3"/>
<SourceRange BeginLine="47" BeginColumn="3" EndLine="51" EndColumn="2"/>
</BBData>
<BBData ID="3" Name="for.inc" RegionId="1" IsLoopHeader="false" IsFunctionExit="false">
<Predecessor>2</Predecessor>
<Successor>1</Successor>
<FirstStmtId>160</FirstStmtId>
<LastStmtId>164</LastStmtId>
<TraceRecord Type="0" Mark="4"  StmtID="161"  Line="46" StaticOnly="true"  MemAddressType="3" RW="0"  Size="4"  PtrUID="13"  VarUID="13" Offset="0" />
<TraceRecord Type="0" Mark="4"  StmtID="163"  Line="46" StaticOnly="true"  MemAddressType="3" RW="1"  Size="4"  PtrUID="13"  VarUID="13" Offset="0" />
<TraceRecord Type="6" Mark="1"  StmtID="164"  Line="46"  DestBB="1"/>
<SourceRange BeginLine="46" BeginColumn="24" EndLine="46" EndColumn="25"/>
</BBData>
<BBData ID="4" Name="for.end" RegionId="0" IsLoopHeader="false" IsFunctionExit="true">
<Predecessor>1</Predecessor>
<FirstStmtId>165</FirstStmtId>
<LastStmtId>173</LastStmtId>
<TraceRecord Type="0" Mark="4"  StmtID="167"  Line="52" StaticOnly="true"  MemAddressType="3" RW="0"  Size="4"  PtrUID="16"  VarUID="16" Offset="0" />
<TraceRecord Type="0" Mark="4"  StmtID="168"  Line="52" StaticOnly="true"  MemAddressType="4" RW="1"  Size="4"  PtrUID="4"  VarUID="4" Offset="0" />
<TraceRecord Type="0" Mark="4"  StmtID="170"  Line="53" StaticOnly="true"  MemAddressType="4" RW="0"  Size="4"  PtrUID="4"  VarUID="4" Offset="0" />
<TraceRecord Type="4" Mark="0"  StmtID="171"  Line="53" StaticOnly="true"  FuncCall="203" hasFrame="true">
<ArgumentAddress Index="0" MemAddressType="1"/>
</TraceRecord>
<SourceRange BeginLine="52" BeginColumn="2" EndLine="53" EndColumn="42"/>
</BBData>
<Region ID="0" Boundary="1" Parent="0" LoopId="0" Header="0" HasBlockSchema="true" Kind="Function">
<SourceRange BeginLine="41" BeginColumn="0" EndLine="53" EndColumn="42"/>
</Region>
<Region ID="1" Boundary="1" Parent="0" LoopId="4" Header="1" HasBlockSchema="true" Kind="Loop" UpperBoundHeaderCount="11">
<ExitBlock>4</ExitBlock>
<InductionVar VarId="13" InitialValue="0" IncrementStep="1" IsDefinitelyMonotonic="true" IsLoopControlVar="true" IncrComputeInstrId="162"/>
<SourceRange BeginLine="46" BeginColumn="2" EndLine="51" EndColumn="2"/>
</Region>
<SourceRange BeginLine="41" BeginColumn="0" EndLine="53" EndColumn="42"/>
</function>
<function global_id="208" Name="main" File="2" CUFile="2" arguments="0" HasArtificialBody="false" HasArtificialDeclaration="false" SIMDInstructionsPercentage="0" FullyQualifiedName="main" DisplayName="main" isDeclaration="false">
<BBData ID="0" Name="entry" RegionId="0" IsLoopHeader="false" IsFunctionExit="true">
<FirstStmtId>174</FirstStmtId>
<LastStmtId>192</LastStmtId>
<LocalVariable ArgNumber="0" DeclaredElementCount="0" File="2" InstrId="174" IsArtificial="true" IsConstant="false" Line="56" LocalIdInFunc="0" MayBeAliased="false" Name="unnamed" Size="0" Type="9" global_id="18"/>
<TraceRecord Type="0" Mark="4"  StmtID="175"  Line="58" StaticOnly="true"  MemAddressType="3" RW="1"  Size="4"  PtrUID="18"  VarUID="18" Offset="0" />
<TraceRecord Type="4" Mark="0"  StmtID="177"  Line="58" StaticOnly="true"  FuncCall="200" hasFrame="true"/>
<TraceRecord Type="4" Mark="0"  StmtID="179"  Line="59" StaticOnly="true"  FuncCall="202" hasFrame="true">
<ArgumentAddress Index="0" VarUID="1" Offset="0" MemAddressType="4"/>
</TraceRecord>
<TraceRecord Type="4" Mark="0"  StmtID="181"  Line="60" StaticOnly="true"  FuncCall="202" hasFrame="true">
<ArgumentAddress Index="0" VarUID="2" Offset="0" MemAddressType="4"/>
</TraceRecord>
<TraceRecord Type="4" Mark="0"  StmtID="183"  Line="62" StaticOnly="true"  FuncCall="206" hasFrame="true"/>
<TraceRecord Type="4" Mark="0"  StmtID="185"  Line="63" StaticOnly="true"  FuncCall="207" hasFrame="true"/>
<TraceRecord Type="0" Mark="4"  StmtID="187"  Line="64" StaticOnly="true"  MemAddressType="4" RW="0"  Size="4"  PtrUID="3"  VarUID="3" Offset="0" />
<TraceRecord Type="0" Mark="4"  StmtID="188"  Line="64" StaticOnly="true"  MemAddressType="4" RW="0"  Size="4"  PtrUID="4"  VarUID="4" Offset="0" />
<SourceRange BeginLine="56" BeginColumn="0" EndLine="64" EndColumn="26"/>
</BBData>
<Region ID="0" Boundary="0" Parent="0" LoopId="0" Header="0" HasBlockSchema="true" Kind="Function">
<SourceRange BeginLine="56" BeginColumn="0" EndLine="64" EndColumn="26"/>
</Region>
<SourceRange BeginLine="56" BeginColumn="0" EndLine="64" EndColumn="26"/>
</function>
<function global_id="209" Name="_Z9axil_maccPiS_S_S_" File="4" CUFile="4" arguments="4" HasArtificialBody="false" HasArtificialDeclaration="false" SIMDInstructionsPercentage="0" FullyQualifiedName="axil_macc" IsNonSys="true" DisplayName="axil_macc" isDeclaration="false">
<BBData ID="0" Name="entry" RegionId="0" IsLoopHeader="false" IsFunctionExit="false">
<Successor>1</Successor>
<Successor>2</Successor>
<FirstStmtId>193</FirstStmtId>
<LastStmtId>223</LastStmtId>
<LocalVariable ArgNumber="1" DeclaredElementCount="0" File="4" InstrId="193" IsArtificial="false" IsConstant="false" Line="1" LlvmArgNumber="0" LocalIdInFunc="0" MayBeAliased="false" MayPointeeBeAliasedFurther="false" Name="a" Size="8" Type="4" global_id="19"/>
<LocalVariable ArgNumber="2" DeclaredElementCount="0" File="4" InstrId="194" IsArtificial="false" IsConstant="false" Line="1" LlvmArgNumber="1" LocalIdInFunc="1" MayBeAliased="false" MayPointeeBeAliasedFurther="false" Name="b" Size="8" Type="4" global_id="20"/>
<LocalVariable ArgNumber="3" DeclaredElementCount="0" File="4" InstrId="195" IsArtificial="false" IsConstant="false" Line="1" LlvmArgNumber="2" LocalIdInFunc="2" MayBeAliased="false" MayPointeeBeAliasedFurther="false" Name="c" Size="8" Type="4" global_id="21"/>
<LocalVariable ArgNumber="4" DeclaredElementCount="0" File="4" InstrId="196" IsArtificial="false" IsConstant="false" Line="1" LlvmArgNumber="3" LocalIdInFunc="3" MayBeAliased="false" MayPointeeBeAliasedFurther="false" Name="instr" Size="8" Type="4" global_id="22"/>
<LocalVariable ArgNumber="0" DeclaredElementCount="0" File="4" InstrId="197" IsArtificial="false" IsConstant="false" Line="10" LocalIdInFunc="4" MayBeAliased="false" Name="mul" Size="4" Type="3" global_id="23"/>
<TraceRecord Type="6" Mark="44"  StmtID="198"  Line="1" StaticOnly="true" SymUID="2" ArgumentAsAddress="0"/>
<TraceRecord Type="0" Mark="4"  StmtID="198"  Line="1" StaticOnly="true"  MemAddressType="3" RW="1"  Size="8"  PtrUID="19"  VarUID="19" Offset="0" />
<TraceRecord Type="6" Mark="44"  StmtID="200"  Line="1" StaticOnly="true" SymUID="3" ArgumentAsAddress="1"/>
<TraceRecord Type="0" Mark="4"  StmtID="200"  Line="1" StaticOnly="true"  MemAddressType="3" RW="1"  Size="8"  PtrUID="20"  VarUID="20" Offset="0" />
<TraceRecord Type="6" Mark="44"  StmtID="202"  Line="1" StaticOnly="true" SymUID="4" ArgumentAsAddress="2"/>
<TraceRecord Type="0" Mark="4"  StmtID="202"  Line="1" StaticOnly="true"  MemAddressType="3" RW="1"  Size="8"  PtrUID="21"  VarUID="21" Offset="0" />
<TraceRecord Type="6" Mark="44"  StmtID="204"  Line="1" StaticOnly="true" SymUID="5" ArgumentAsAddress="3"/>
<TraceRecord Type="0" Mark="4"  StmtID="204"  Line="1" StaticOnly="true"  MemAddressType="3" RW="1"  Size="8"  PtrUID="22"  VarUID="22" Offset="0" />
<TraceRecord Type="4" Mark="0"  StmtID="206"  Line="3" StaticOnly="true"  FuncCall="212" hasFrame="true"/>
<TraceRecord Type="4" Mark="0"  StmtID="207"  Line="4" StaticOnly="true"  FuncCall="212" hasFrame="true"/>
<TraceRecord Type="4" Mark="0"  StmtID="208"  Line="5" StaticOnly="true"  FuncCall="212" hasFrame="true"/>
<TraceRecord Type="4" Mark="0"  StmtID="209"  Line="6" StaticOnly="true"  FuncCall="212" hasFrame="true"/>
<TraceRecord Type="4" Mark="0"  StmtID="210"  Line="7" StaticOnly="true"  FuncCall="212" hasFrame="true"/>
<TraceRecord Type="0" Mark="4"  StmtID="213"  Line="12" StaticOnly="true"  MemAddressType="3" RW="0"  Size="8"  PtrUID="19"  VarUID="19" Offset="0" />
<TraceRecord Type="0" Mark="4"  StmtID="214"  Line="12" StaticOnly="true"  MemAddressType="2" RW="0"  Size="4"  PtrUID="19"  SymUID="2"  Offset="0" >
</TraceRecord>
<TraceRecord Type="0" Mark="4"  StmtID="215"  Line="12" StaticOnly="true"  MemAddressType="3" RW="0"  Size="8"  PtrUID="20"  VarUID="20" Offset="0" />
<TraceRecord Type="0" Mark="4"  StmtID="216"  Line="12" StaticOnly="true"  MemAddressType="2" RW="0"  Size="4"  PtrUID="20"  SymUID="3"  Offset="0" >
</TraceRecord>
<TraceRecord Type="0" Mark="4"  StmtID="218"  Line="12" StaticOnly="true"  MemAddressType="3" RW="1"  Size="4"  PtrUID="23"  VarUID="23" Offset="0" />
<TraceRecord Type="0" Mark="4"  StmtID="220"  Line="14" StaticOnly="true"  MemAddressType="3" RW="0"  Size="8"  PtrUID="22"  VarUID="22" Offset="0" />
<TraceRecord Type="0" Mark="4"  StmtID="221"  Line="14" StaticOnly="true"  MemAddressType="2" RW="0"  Size="4"  PtrUID="22"  SymUID="5"  Offset="0" >
</TraceRecord>
<SourceRange BeginLine="1" BeginColumn="0" EndLine="14" EndColumn="14"/>
</BBData>
<BBData ID="1" Name="if.then" RegionId="0" IsLoopHeader="false" IsFunctionExit="false">
<Predecessor>0</Predecessor>
<Successor>3</Successor>
<FirstStmtId>224</FirstStmtId>
<LastStmtId>227</LastStmtId>
<TraceRecord Type="0" Mark="4"  StmtID="225"  Line="15" StaticOnly="true"  MemAddressType="3" RW="0"  Size="4"  PtrUID="23"  VarUID="23" Offset="0" />
<TraceRecord Type="0" Mark="4"  StmtID="226"  Line="15" StaticOnly="true"  MemAddressType="4" RW="1"  Size="4"  PtrUID="5"  VarUID="5" Offset="0" />
<TraceRecord Type="6" Mark="1"  StmtID="227"  Line="16"  DestBB="3"/>
<SourceRange BeginLine="15" BeginColumn="3" EndLine="16" EndColumn="2"/>
</BBData>
<BBData ID="2" Name="if.else" RegionId="0" IsLoopHeader="false" IsFunctionExit="false">
<Predecessor>0</Predecessor>
<Successor>3</Successor>
<FirstStmtId>228</FirstStmtId>
<LastStmtId>233</LastStmtId>
<TraceRecord Type="0" Mark="4"  StmtID="229"  Line="18" StaticOnly="true"  MemAddressType="3" RW="0"  Size="4"  PtrUID="23"  VarUID="23" Offset="0" />
<TraceRecord Type="0" Mark="4"  StmtID="230"  Line="18" StaticOnly="true"  MemAddressType="4" RW="0"  Size="4"  PtrUID="5"  VarUID="5" Offset="0" />
<TraceRecord Type="0" Mark="4"  StmtID="232"  Line="18" StaticOnly="true"  MemAddressType="4" RW="1"  Size="4"  PtrUID="5"  VarUID="5" Offset="0" />
<TraceRecord Type="6" Mark="1"  StmtID="233"  Line="18"  DestBB="3"/>
<SourceRange BeginLine="18" BeginColumn="3" EndLine="19" EndColumn="2"/>
</BBData>
<BBData ID="3" Name="if.end" RegionId="0" IsLoopHeader="false" IsFunctionExit="true">
<Predecessor>2</Predecessor>
<Predecessor>1</Predecessor>
<FirstStmtId>234</FirstStmtId>
<LastStmtId>240</LastStmtId>
<TraceRecord Type="0" Mark="4"  StmtID="236"  Line="21" StaticOnly="true"  MemAddressType="4" RW="0"  Size="4"  PtrUID="5"  VarUID="5" Offset="0" />
<TraceRecord Type="0" Mark="4"  StmtID="237"  Line="21" StaticOnly="true"  MemAddressType="3" RW="0"  Size="8"  PtrUID="21"  VarUID="21" Offset="0" />
<TraceRecord Type="0" Mark="4"  StmtID="238"  Line="21" StaticOnly="true"  MemAddressType="2" RW="1"  Size="4"  PtrUID="21"  SymUID="4"  Offset="0" >
</TraceRecord>
<SourceRange BeginLine="21" BeginColumn="2" EndLine="21" EndColumn="7"/>
</BBData>
<Region ID="0" Boundary="0" Parent="0" LoopId="0" Header="0" HasBlockSchema="false" Kind="Function">
<SourceRange BeginLine="1" BeginColumn="0" EndLine="21" EndColumn="7"/>
</Region>
<SourceRange BeginLine="1" BeginColumn="0" EndLine="21" EndColumn="7"/>
</function>
<function global_id="210" Name="llvm.va_start" File="1" CUFile="1" arguments="1" HasArtificialBody="false" HasArtificialDeclaration="false" SIMDInstructionsPercentage="0" FullyQualifiedName="llvm.va_start" isDeclaration="true">
<SourceRange BeginLine="0" BeginColumn="0" EndLine="0" EndColumn="0"/>
</function>
<function global_id="211" Name="llvm.va_end" File="1" CUFile="1" arguments="1" HasArtificialBody="false" HasArtificialDeclaration="false" SIMDInstructionsPercentage="0" FullyQualifiedName="llvm.va_end" isDeclaration="true">
<SourceRange BeginLine="0" BeginColumn="0" EndLine="0" EndColumn="0"/>
</function>
<function global_id="212" Name="llvm.sideeffect" File="1" CUFile="1" arguments="0" HasArtificialBody="false" HasArtificialDeclaration="false" SIMDInstructionsPercentage="0" FullyQualifiedName="llvm.sideeffect" isDeclaration="true">
<SourceRange BeginLine="0" BeginColumn="0" EndLine="0" EndColumn="0"/>
</function>
<SymbolicIdCount>6</SymbolicIdCount>
</staticProfResults:Results>
